Logistics cost — FY2026 (draft) — do not circulate,,,,,,,,
,,,,,,,,
Carrier Code,Lane,Fiscal Week,Ship Date,freight_cost,Fuel Surcharge,Accessorials,Unnamed: 7,Notes
BRFR ,LANE-01,FY2025-W44,02/12/2025,"3.751,47",,"338,91",,
BRFR,LANE-02,FY2025-W44,30/11/2025,"7.721,65",,"300,70",,"split shipment, one pallet held at origin"
BRFR,LANE-03,FY2025-W44,01/12/2025,"2.169,18",,"274,38",,"re-rated, see ticket SC-1182"
BRFR,LANE-04,FY2025-W44,04/12/2025,"1.635,26",,"36,91",,
BRFR,LANE-05,FY2025-W44,03/12/2025,"9.687,89",,"195,94",,
BRFR,LANE-06,FY2025-W44,02/12/2025,"8.477,21",,"45,41",,carrier credit applied
BRFR,LANE-07,FY2025-W44,02/12/2025,"5.549,43",,"318,31",,
BRFR,LANE-07,FY2025-W44,01/12/2025,"9.267,29",,"148,09",,
BRFR ,LANE-08,FY2025-W44,03/12/2025,"2.744,50",,"87,35",,carrier credit applied
BRFR,LANE-09,FY2025-W44,30/11/2025,"5.045,44",,"84,82",,
BRFR,LANE-10,FY2025-W44,03/12/2025,"5.372,41",,"22,90",,
BRFR,LANE-11,FY2025-W44,30/11/2025,"1.524,49",,"137,64",,"re-rated, see ticket SC-1182"
BRFR,LANE-12,FY2025-W44,04/12/2025,"4.901,74",,"248,80",,carrier credit applied
BRFR,LANE-13,FY2025-W44,02/12/2025,"5.795,52",,"46,59",,carrier credit applied
BRFR,LANE-14,FY2025-W44,02/12/2025,"1.821,07",,"122,13",,
BRFR,LANE-15,FY2025-W44,05/12/2025,"4.187,82",,"67,95",,
BRFR ,LANE-16,FY2025-W44,30/11/2025,"7.638,35",,"1,19",,
BRFR,LANE-17,FY2025-W44,02/12/2025,"10.800,40",,"14,23",,
BRFR,LANE-18,FY2025-W44,05/12/2025,"4.914,35",,"207,55",,
BRFR,LANE-19,FY2025-W44,06/12/2025,"739,64",,"338,21",,
BRFR,LANE-20,FY2025-W44,04/12/2025,"7.973,75",,"78,65",,"residential surcharge, disputed"
BRFR,LANE-01,FY2025-W45,12/12/2025,"9.074,83",,"162,21",,"estimate, invoice not received"
BRFR,LANE-02,FY2025-W45,11/12/2025,"8.294,16",,"261,88",,"split shipment, one pallet held at origin"
BRFR,LANE-02,FY2025-W45,08/12/2025,"4.193,12",,"315,28",,
BRFR ,LANE-03,FY2025-W45,11/12/2025,"9.442,63",,"219,40",,"split shipment, one pallet held at origin"
BRFR,LANE-04,FY2025-W45,10/12/2025,"2.683,22",,"250,13",,"residential surcharge, disputed"
BRFR,LANE-04,FY2025-W45,10/12/2025,"3.609,37",,"79,99",,carrier credit applied
BRFR,LANE-05,FY2025-W45,12/12/2025,"1.708,10",,"282,36",,
BRFR,LANE-05,FY2025-W45,08/12/2025,"1.286,54",,"294,24",,
BRFR,LANE-05,FY2025-W45,12/12/2025,"2.529,33",,"185,04",,"lane closed for two days, volume moved"
BRFR,LANE-06,FY2025-W45,07/12/2025,"1.239,97",,"235,79",,
BRFR,LANE-07,FY2025-W45,10/12/2025,"3.815,76",,"54,31",,"estimate, invoice not received"
BRFR ,LANE-07,FY2025-W45,12/12/2025,"10.542,17",,"314,66",,"residential surcharge, disputed"
BRFR,LANE-08,FY2025-W45,08/12/2025,"9.309,87",,"51,20",,
BRFR,LANE-08,FY2025-W45,08/12/2025,"846,01",,"208,54",,"lane closed for two days, volume moved"
BRFR,LANE-09,FY2025-W45,13/12/2025,"3.398,15",,"101,20",,
BRFR,LANE-09,FY2025-W45,10/12/2025,"10.751,64",,"61,67",,carrier credit applied
BRFR,LANE-10,FY2025-W45,10/12/2025,"9.358,62",,"45,50",,"re-rated, see ticket SC-1182"
BRFR,LANE-11,FY2025-W45,10/12/2025,"3.398,19",,"334,56",,"lane closed for two days, volume moved"
BRFR,LANE-11,FY2025-W45,10/12/2025,"4.343,67",,"194,47",,
BRFR ,LANE-12,FY2025-W45,09/12/2025,"10.767,74",,"45,74",,"lane closed for two days, volume moved"
BRFR,LANE-13,FY2025-W45,11/12/2025,"2.083,54",,"257,30",,
BRFR,LANE-14,FY2025-W45,08/12/2025,"1.885,12",,"172,62",,"lane closed for two days, volume moved"
BRFR,LANE-15,FY2025-W45,11/12/2025,"1.834,50",,"279,44",,"re-rated, see ticket SC-1182"
BRFR,LANE-15,FY2025-W45,13/12/2025,"230,89",,"260,67",,
BRFR,LANE-16,FY2025-W45,13/12/2025,"3.142,61",,"174,75",,
BRFR,LANE-17,FY2025-W45,07/12/2025,"7.933,76",,"328,20",,"residential surcharge, disputed"
BRFR,LANE-18,FY2025-W45,12/12/2025,"7.417,57",,"336,71",,"estimate, invoice not received"
BRFR ,LANE-19,FY2025-W45,08/12/2025,"5.690,22",,"152,14",,
BRFR,LANE-20,FY2025-W45,07/12/2025,"5.846,17",,"234,15",,"split shipment, one pallet held at origin"
BRFR,LANE-01,FY2025-W46,15/12/2025,"7.826,32",,"116,14",,"residential surcharge, disputed"
BRFR,LANE-02,FY2025-W46,14/12/2025,"9.895,05",,"287,99",,
BRFR,LANE-03,FY2025-W46,20/12/2025,"7.330,17",,"278,86",,"split shipment, one pallet held at origin"
BRFR,LANE-03,FY2025-W46,16/12/2025,"3.636,59",,"46,94",,"lane closed for two days, volume moved"
BRFR,LANE-04,FY2025-W46,18/12/2025,"6.192,79",,"179,93",,"split shipment, one pallet held at origin"
BRFR,LANE-05,FY2025-W46,17/12/2025,"8.507,23",,"3,19",,"re-rated, see ticket SC-1182"
BRFR ,LANE-06,FY2025-W46,18/12/2025,"8.584,88",,"317,99",,
BRFR,LANE-07,FY2025-W46,18/12/2025,"8.222,54",,"258,81",,
BRFR,LANE-08,FY2025-W46,20/12/2025,"10.408,76",,"66,56",,carrier credit applied
BRFR,LANE-09,FY2025-W46,16/12/2025,"1.688,34",,"28,29",,"residential surcharge, disputed"
BRFR,LANE-10,FY2025-W46,18/12/2025,"1.292,59",,"223,37",,
BRFR,LANE-11,FY2025-W46,15/12/2025,"2.597,40",,"290,03",,"re-rated, see ticket SC-1182"
BRFR,LANE-12,FY2025-W46,18/12/2025,"9.272,02",,"166,64",,
BRFR,LANE-12,FY2025-W46,16/12/2025,"3.122,51",,"275,75",,carrier credit applied
BRFR ,LANE-12,FY2025-W46,14/12/2025,"9.064,09",,"97,36",,"split shipment, one pallet held at origin"
BRFR,LANE-13,FY2025-W46,20/12/2025,"1.340,26",,"72,68",,
BRFR,LANE-13,FY2025-W46,18/12/2025,"5.170,78",,"188,95",,
BRFR,LANE-14,FY2025-W46,20/12/2025,"2.451,36",,"17,79",,"re-rated, see ticket SC-1182"
BRFR,LANE-15,FY2025-W46,15/12/2025,"6.035,27",,"176,93",,"re-rated, see ticket SC-1182"
BRFR,LANE-16,FY2025-W46,19/12/2025,"7.447,46",,"92,63",,
BRFR,LANE-17,FY2025-W46,20/12/2025,"11.241,54",,"179,44",,
BRFR,LANE-18,FY2025-W46,17/12/2025,"8.593,59",,"71,11",,"lane closed for two days, volume moved"
BRFR ,LANE-19,FY2025-W46,16/12/2025,"9.163,64",,"50,27",,
BRFR,LANE-20,FY2025-W46,20/12/2025,"5.953,23",,"207,07",,
BRFR,LANE-01,FY2025-W47,24/12/2025,"5.103,99",,"254,94",,
BRFR,LANE-02,FY2025-W47,26/12/2025,"4.119,77",,"140,82",,
BRFR,LANE-02,FY2025-W47,27/12/2025,"9.583,07",,"274,04",,"split shipment, one pallet held at origin"
BRFR,LANE-03,FY2025-W47,23/12/2025,"11.272,48",,"104,45",,
BRFR,LANE-04,FY2025-W47,22/12/2025,"8.663,75",,"149,29",,
BRFR,LANE-04,FY2025-W47,22/12/2025,"8.805,14",,"286,68",,
BRFR ,LANE-04,FY2025-W47,25/12/2025,"1.032,67",,"143,11",,"lane closed for two days, volume moved"
BRFR,LANE-04,FY2025-W47,26/12/2025,"2.011,60",,"87,68",,"estimate, invoice not received"
BRFR,LANE-04,FY2025-W47,27/12/2025,"4.672,55",,"158,44",,"estimate, invoice not received"
BRFR,LANE-05,FY2025-W47,22/12/2025,"4.443,94",,"143,43",,
BRFR,LANE-05,FY2025-W47,25/12/2025,"402,08",,"32,41",,"lane closed for two days, volume moved"
BRFR,LANE-05,FY2025-W47,22/12/2025,"552,74",,"128,34",,"residential surcharge, disputed"
BRFR,LANE-06,FY2025-W47,26/12/2025,"11.229,99",,"206,35",,
BRFR,LANE-07,FY2025-W47,23/12/2025,"2.433,08",,"136,55",,
BRFR ,LANE-08,FY2025-W47,26/12/2025,"9.765,89",,"190,24",,carrier credit applied
BRFR,LANE-08,FY2025-W47,27/12/2025,"2.414,05",,"161,91",,carrier credit applied
BRFR,LANE-09,FY2025-W47,22/12/2025,"10.275,25",,"188,35",,
BRFR,LANE-09,FY2025-W47,21/12/2025,"1.429,85",,"98,61",,
BRFR,LANE-10,FY2025-W47,23/12/2025,"7.263,02",,"0,60",,
BRFR,LANE-10,FY2025-W47,23/12/2025,"6.107,03",,"330,40",,
BRFR,LANE-11,FY2025-W47,23/12/2025,"6.928,91",,"303,63",,"estimate, invoice not received"
BRFR,LANE-12,FY2025-W47,23/12/2025,"5.757,11",,"22,03",,
BRFR ,LANE-12,FY2025-W47,25/12/2025,"3.674,68",,"329,72",,
BRFR,LANE-13,FY2025-W47,22/12/2025,"8.219,45",,"20,33",,
BRFR,LANE-14,FY2025-W47,25/12/2025,"8.258,15",,"6,36",,
BRFR,LANE-15,FY2025-W47,21/12/2025,"6.257,76",,"30,76",,
BRFR,LANE-15,FY2025-W47,24/12/2025,"10.978,22",,"50,09",,
BRFR,LANE-16,FY2025-W47,21/12/2025,"2.485,83",,"173,55",,"re-rated, see ticket SC-1182"
BRFR,LANE-16,FY2025-W47,24/12/2025,"4.417,76",,"188,27",,"lane closed for two days, volume moved"
BRFR,LANE-16,FY2025-W47,21/12/2025,"9.139,72",,"164,47",,"split shipment, one pallet held at origin"
BRFR ,LANE-17,FY2025-W47,22/12/2025,"964,40",,"309,30",,
BRFR,LANE-18,FY2025-W47,25/12/2025,"687,32",,"153,41",,
BRFR,LANE-19,FY2025-W47,26/12/2025,"5.941,27",,"50,97",,
BRFR,LANE-19,FY2025-W47,22/12/2025,"9.380,29",,"1,13",,"split shipment, one pallet held at origin"
BRFR,LANE-20,FY2025-W47,24/12/2025,"7.564,00",,"74,59",,
BRFR,LANE-20,FY2025-W47,23/12/2025,"5.641,81",,"333,78",,"estimate, invoice not received"
BRFR,LANE-01,FY2025-W48,01/01/2026,"1.864,41",,"312,80",,"re-rated, see ticket SC-1182"
BRFR,LANE-02,FY2025-W48,02/01/2026,"10.563,93",,"134,61",,
BRFR ,LANE-02,FY2025-W48,28/12/2025,"1.998,00",,"235,36",,"split shipment, one pallet held at origin"
BRFR,LANE-03,FY2025-W48,30/12/2025,"11.219,64",,"105,34",,
BRFR,LANE-03,FY2025-W48,28/12/2025,"4.927,59",,"189,46",,
BRFR,LANE-04,FY2025-W48,30/12/2025,"2.011,68",,"215,20",,"lane closed for two days, volume moved"
BRFR,LANE-05,FY2025-W48,29/12/2025,"8.359,42",,"218,15",,
BRFR,LANE-06,FY2025-W48,03/01/2026,"4.141,78",,"93,71",,
BRFR,LANE-06,FY2025-W48,01/01/2026,"2.346,87",,"99,28",,"re-rated, see ticket SC-1182"
BRFR,LANE-06,FY2025-W48,31/12/2025,"5.366,86",,"253,19",,
BRFR ,LANE-07,FY2025-W48,30/12/2025,"9.319,30",,"119,60",,
BRFR,LANE-08,FY2025-W48,31/12/2025,"943,66",,"187,79",,carrier credit applied
BRFR,LANE-09,FY2025-W48,30/12/2025,"4.958,12",,"172,80",,"estimate, invoice not received"
BRFR,LANE-10,FY2025-W48,01/01/2026,"3.868,49",,"279,43",,
BRFR,LANE-11,FY2025-W48,29/12/2025,"6.398,00",,"239,65",,
BRFR,LANE-12,FY2025-W48,28/12/2025,"9.217,78",,"154,37",,"lane closed for two days, volume moved"
BRFR,LANE-13,FY2025-W48,03/01/2026,"5.730,36",,"177,19",,"residential surcharge, disputed"
BRFR,LANE-14,FY2025-W48,29/12/2025,"10.341,69",,"153,21",,
BRFR ,LANE-15,FY2025-W48,01/01/2026,"9.665,61",,"316,37",,
BRFR,LANE-16,FY2025-W48,02/01/2026,"7.452,12",,"109,34",,
BRFR,LANE-17,FY2025-W48,01/01/2026,"8.939,81",,"297,65",,"split shipment, one pallet held at origin"
BRFR,LANE-18,FY2025-W48,02/01/2026,"10.500,54",,"248,94",,
BRFR,LANE-18,FY2025-W48,30/12/2025,"4.526,77",,"87,44",,
BRFR,LANE-19,FY2025-W48,30/12/2025,"4.686,70",,"324,10",,"residential surcharge, disputed"
BRFR,LANE-20,FY2025-W48,01/01/2026,"6.740,07",,"209,14",,
BRFR,Subtotal,FY2025-P11,,"777.382,56",,"23.068,68",,
PLPC,LANE-15,FY2025-W44,06/12/2025,"10.285,29",,"320,49",,carrier credit applied
PLPC,LANE-16,FY2025-W44,06/12/2025,"3.451,79",,"158,10",,
PLPC,LANE-16,FY2025-W44,01/12/2025,"8.022,27",,"313,91",,"re-rated, see ticket SC-1182"
PLPC,LANE-16,FY2025-W44,06/12/2025,"3.084,85",,"45,34",,
PLPC,LANE-17,FY2025-W44,30/11/2025,"3.049,68",,"10,35",,"estimate, invoice not received"
PLPC,LANE-18,FY2025-W44,04/12/2025,"4.770,28",,"155,46",,"estimate, invoice not received"
PLPC,LANE-18,FY2025-W44,05/12/2025,"1.640,85",,"316,99",,carrier credit applied
PLPC,LANE-19,FY2025-W44,02/12/2025,"10.670,18",,"249,36",,
PLPC,LANE-20,FY2025-W44,05/12/2025,"3.321,42",,"102,22",,
PLPC,LANE-21,FY2025-W44,04/12/2025,"10.190,35",,"127,33",,
PLPC,LANE-21,FY2025-W44,01/12/2025,"2.169,53",,"304,52",,carrier credit applied
PLPC,LANE-22,FY2025-W44,06/12/2025,"6.242,61",,"250,37",,"split shipment, one pallet held at origin"
PLPC,LANE-23,FY2025-W44,06/12/2025,"9.899,84",,"113,67",,"split shipment, one pallet held at origin"
PLPC,LANE-24,FY2025-W44,01/12/2025,"7.225,44",,"76,23",,
PLPC,LANE-25,FY2025-W44,02/12/2025,"9.078,99",,"192,51",,
PLPC,LANE-26,FY2025-W44,30/11/2025,"7.895,56",,"307,35",,"split shipment, one pallet held at origin"
PLPC,LANE-27,FY2025-W44,30/11/2025,"8.930,90",,"316,07",,
PLPC,LANE-28,FY2025-W44,30/11/2025,"9.601,61",,"325,22",,
PLPC,LANE-29,FY2025-W44,03/12/2025,"7.056,03",,"195,17",,
PLPC,LANE-30,FY2025-W44,04/12/2025,"4.350,89",,"131,33",,"residential surcharge, disputed"
PLPC,LANE-30,FY2025-W44,06/12/2025,"3.314,51",,"217,10",,"estimate, invoice not received"
PLPC,LANE-30,FY2025-W44,01/12/2025,"289,24",,"327,80",,
PLPC,LANE-31,FY2025-W44,02/12/2025,"2.119,93",,"176,27",,carrier credit applied
PLPC,LANE-32,FY2025-W44,05/12/2025,"5.186,83",,"91,27",,
PLPC,LANE-33,FY2025-W44,01/12/2025,"8.246,53",,"157,06",,
PLPC,LANE-34,FY2025-W44,03/12/2025,"2.932,36",,"17,67",,
PLPC,LANE-35,FY2025-W44,05/12/2025,"7.676,64",,"176,44",,"estimate, invoice not received"
PLPC,LANE-36,FY2025-W44,06/12/2025,"710,23",,"126,85",,
PLPC,LANE-37,FY2025-W44,05/12/2025,"6.979,58",,"328,51",,
PLPC,LANE-38,FY2025-W44,04/12/2025,"2.611,76",,"266,70",,
PLPC,LANE-15,FY2025-W45,09/12/2025,"5.392,01",,"119,19",,"residential surcharge, disputed"
PLPC,LANE-16,FY2025-W45,07/12/2025,"1.719,02",,"338,66",,"split shipment, one pallet held at origin"
PLPC,LANE-17,FY2025-W45,09/12/2025,"10.240,94",,"160,54",,
PLPC,LANE-17,FY2025-W45,07/12/2025,"2.656,67",,"328,64",,
PLPC,LANE-18,FY2025-W45,09/12/2025,"7.306,27",,"20,22",,
PLPC,LANE-19,FY2025-W45,08/12/2025,"2.483,52",,"248,92",,
PLPC,LANE-20,FY2025-W45,09/12/2025,"2.940,49",,"249,76",,"lane closed for two days, volume moved"
PLPC,LANE-21,FY2025-W45,08/12/2025,"1.168,38",,"78,71",,"split shipment, one pallet held at origin"
PLPC,LANE-22,FY2025-W45,12/12/2025,"11.300,32",,"195,64",,
PLPC,LANE-23,FY2025-W45,11/12/2025,"1.248,79",,"211,53",,
PLPC,LANE-24,FY2025-W45,13/12/2025,"1.453,99",,"125,93",,
PLPC,LANE-25,FY2025-W45,08/12/2025,"553,28",,"94,86",,
PLPC,LANE-26,FY2025-W45,11/12/2025,"7.271,37",,"52,48",,
PLPC,LANE-27,FY2025-W45,08/12/2025,"7.040,23",,"241,47",,"residential surcharge, disputed"
PLPC,LANE-27,FY2025-W45,10/12/2025,"3.188,91",,"264,90",,
PLPC,LANE-28,FY2025-W45,09/12/2025,"3.427,30",,"243,31",,
PLPC,LANE-29,FY2025-W45,07/12/2025,"3.208,61",,"184,17",,"re-rated, see ticket SC-1182"
PLPC,LANE-30,FY2025-W45,12/12/2025,"4.745,35",,"119,57",,"split shipment, one pallet held at origin"
PLPC,LANE-31,FY2025-W45,11/12/2025,"1.275,85",,"322,07",,"residential surcharge, disputed"
PLPC,LANE-32,FY2025-W45,07/12/2025,"2.944,84",,"250,16",,
PLPC,LANE-33,FY2025-W45,08/12/2025,"1.797,19",,"132,26",,
PLPC,LANE-34,FY2025-W45,12/12/2025,"5.611,13",,"73,86",,"split shipment, one pallet held at origin"
PLPC,LANE-35,FY2025-W45,11/12/2025,"7.597,32",,"248,63",,
PLPC,LANE-36,FY2025-W45,13/12/2025,"6.000,39",,"74,54",,
PLPC,LANE-37,FY2025-W45,07/12/2025,"2.660,22",,"279,60",,
PLPC,LANE-38,FY2025-W45,12/12/2025,"7.279,08",,"64,79",,"estimate, invoice not received"
PLPC,LANE-15,FY2025-W46,16/12/2025,"7.023,88",,"181,08",,
PLPC,LANE-16,FY2025-W46,14/12/2025,"651,05",,"222,54",,
PLPC,LANE-17,FY2025-W46,18/12/2025,"7.024,28",,"281,05",,
PLPC,LANE-17,FY2025-W46,19/12/2025,"3.496,63",,"177,44",,
PLPC,LANE-18,FY2025-W46,14/12/2025,"9.426,73",,"313,64",,
PLPC,LANE-19,FY2025-W46,20/12/2025,"1.788,12",,"290,46",,
PLPC,LANE-19,FY2025-W46,17/12/2025,"7.099,71",,"103,13",,
PLPC,LANE-20,FY2025-W46,19/12/2025,"293,09",,"87,26",,"estimate, invoice not received"
PLPC,LANE-21,FY2025-W46,14/12/2025,"5.779,16",,"107,83",,carrier credit applied
PLPC,LANE-22,FY2025-W46,20/12/2025,"4.148,28",,"78,28",,
PLPC,LANE-23,FY2025-W46,17/12/2025,"845,69",,"209,88",,
PLPC,LANE-23,FY2025-W46,14/12/2025,"9.416,23",,"250,14",,
PLPC,LANE-23,FY2025-W46,14/12/2025,"7.470,95",,"74,85",,"split shipment, one pallet held at origin"
PLPC,LANE-24,FY2025-W46,19/12/2025,"10.557,73",,"2,25",,
PLPC,LANE-25,FY2025-W46,15/12/2025,"8.294,82",,"248,75",,"residential surcharge, disputed"
PLPC,LANE-25,FY2025-W46,20/12/2025,"410,10",,"31,38",,
PLPC,LANE-26,FY2025-W46,15/12/2025,"3.448,59",,"65,12",,
PLPC,LANE-26,FY2025-W46,15/12/2025,"6.421,47",,"284,73",,
PLPC,LANE-27,FY2025-W46,15/12/2025,"9.720,66",,"305,12",,
PLPC,LANE-28,FY2025-W46,19/12/2025,"6.324,72",,"250,60",,
PLPC,LANE-29,FY2025-W46,15/12/2025,"3.094,25",,"101,78",,carrier credit applied
PLPC,LANE-30,FY2025-W46,16/12/2025,"10.093,03",,"220,22",,
PLPC,LANE-31,FY2025-W46,17/12/2025,"6.519,77",,"225,57",,
PLPC,LANE-32,FY2025-W46,19/12/2025,"9.664,43",,"52,70",,
PLPC,LANE-33,FY2025-W46,15/12/2025,"4.846,82",,"313,21",,
PLPC,LANE-34,FY2025-W46,17/12/2025,"5.711,06",,"134,84",,"lane closed for two days, volume moved"
PLPC,LANE-35,FY2025-W46,15/12/2025,"898,69",,"218,29",,"residential surcharge, disputed"
PLPC,LANE-36,FY2025-W46,15/12/2025,"4.120,00",,"226,97",,
PLPC,LANE-37,FY2025-W46,15/12/2025,"1.003,33",,"244,70",,
PLPC,LANE-38,FY2025-W46,19/12/2025,"6.160,35",,"300,36",,
PLPC,LANE-15,FY2025-W47,24/12/2025,"9.574,64",,"44,41",,
PLPC,LANE-18,FY2025-W47,24/12/2025,"10.351,16",,"184,66",,"residential surcharge, disputed"
PLPC,LANE-19,FY2025-W47,23/12/2025,"1.980,03",,"216,69",,"re-rated, see ticket SC-1182"
PLPC,LANE-20,FY2025-W47,27/12/2025,"10.674,04",,"314,91",,
PLPC,LANE-21,FY2025-W47,26/12/2025,"3.817,97",,"50,44",,
PLPC,LANE-22,FY2025-W47,27/12/2025,"3.628,96",,"205,19",,
PLPC,LANE-23,FY2025-W47,21/12/2025,"1.689,38",,"219,11",,"estimate, invoice not received"
PLPC,LANE-24,FY2025-W47,22/12/2025,"5.697,65",,"211,44",,"estimate, invoice not received"
PLPC,LANE-25,FY2025-W47,26/12/2025,"10.764,25",,"284,57",,
PLPC,LANE-26,FY2025-W47,24/12/2025,"451,90",,"63,06",,
PLPC,LANE-27,FY2025-W47,25/12/2025,"5.180,28",,"79,28",,"re-rated, see ticket SC-1182"
PLPC,LANE-29,FY2025-W47,26/12/2025,"7.139,72",,"3,20",,
PLPC,LANE-30,FY2025-W47,24/12/2025,"7.903,48",,"10,67",,
PLPC,LANE-32,FY2025-W47,22/12/2025,"1.666,96",,"104,07",,
PLPC,LANE-33,FY2025-W47,25/12/2025,"8.150,90",,"18,90",,
PLPC,LANE-34,FY2025-W47,22/12/2025,"9.601,63",,"87,71",,
PLPC,LANE-35,FY2025-W47,25/12/2025,"7.775,13",,"272,74",,
PLPC,LANE-36,FY2025-W47,27/12/2025,"5.166,31",,"50,59",,"lane closed for two days, volume moved"
PLPC,LANE-37,FY2025-W47,24/12/2025,"9.043,14",,"54,16",,
PLPC,LANE-38,FY2025-W47,27/12/2025,"8.410,02",,"22,20",,"re-rated, see ticket SC-1182"
PLPC,LANE-15,FY2025-W48,03/01/2026,"9.292,32",,"4,52",,"re-rated, see ticket SC-1182"
PLPC,LANE-16,FY2025-W48,01/01/2026,"2.401,93",,"328,76",,"split shipment, one pallet held at origin"
PLPC,LANE-16,FY2025-W48,01/01/2026,"5.832,73",,"240,11",,"lane closed for two days, volume moved"
PLPC,LANE-17,FY2025-W48,31/12/2025,"1.331,45",,"20,17",,carrier credit applied
PLPC,LANE-18,FY2025-W48,30/12/2025,"5.597,84",,"118,53",,
PLPC,LANE-18,FY2025-W48,28/12/2025,"8.719,83",,"88,51",,
PLPC,LANE-19,FY2025-W48,29/12/2025,"6.210,38",,"135,58",,"estimate, invoice not received"
PLPC,LANE-20,FY2025-W48,30/12/2025,"5.258,15",,"12,76",,"residential surcharge, disputed"
PLPC,LANE-20,FY2025-W48,31/12/2025,"2.695,05",,"5,77",,
PLPC,LANE-21,FY2025-W48,01/01/2026,"10.213,92",,"336,05",,
PLPC,LANE-22,FY2025-W48,03/01/2026,"9.513,88",,"260,13",,"lane closed for two days, volume moved"
PLPC,LANE-23,FY2025-W48,29/12/2025,"1.321,09",,"234,81",,
PLPC,LANE-24,FY2025-W48,29/12/2025,"2.363,71",,"36,24",,
PLPC,LANE-25,FY2025-W48,29/12/2025,"6.905,06",,"182,14",,
PLPC,LANE-26,FY2025-W48,30/12/2025,"9.078,55",,"311,20",,
PLPC,LANE-27,FY2025-W48,02/01/2026,"1.771,09",,"296,04",,
PLPC,LANE-28,FY2025-W48,31/12/2025,"1.943,38",,"199,06",,"re-rated, see ticket SC-1182"
PLPC,LANE-29,FY2025-W48,30/12/2025,"6.710,17",,"297,31",,"residential surcharge, disputed"
PLPC,LANE-30,FY2025-W48,31/12/2025,"7.076,08",,"218,13",,"estimate, invoice not received"
PLPC,LANE-31,FY2025-W48,02/01/2026,"7.759,67",,"181,57",,
PLPC,LANE-31,FY2025-W48,29/12/2025,"7.327,67",,"279,43",,
PLPC,LANE-32,FY2025-W48,03/01/2026,"3.931,20",,"163,82",,
PLPC,LANE-33,FY2025-W48,03/01/2026,"1.149,04",,"29,85",,
PLPC,LANE-34,FY2025-W48,01/01/2026,"1.472,69",,"31,14",,
PLPC,LANE-35,FY2025-W48,29/12/2025,"9.161,89",,"322,43",,
PLPC,LANE-36,FY2025-W48,30/12/2025,"7.462,11",,"129,65",,"split shipment, one pallet held at origin"
PLPC,LANE-37,FY2025-W48,03/01/2026,"8.454,05",,"281,14",,"residential surcharge, disputed"
PLPC,LANE-38,FY2025-W48,29/12/2025,"1.638,68",,"302,27",,
PLPC,LANE-38,FY2025-W48,30/12/2025,"7.967,80",,"147,89",,"estimate, invoice not received"
PLPC,Subtotal,FY2025-P11,,"734.500,02",,"23.919,25",,
MWLG,LANE-25,FY2025-W44,03/12/2025,"4.938,81",,"200,99",,
MWLG,LANE-26,FY2025-W44,30/11/2025,"4.827,45",,"136,77",,
MWLG,LANE-27,FY2025-W44,06/12/2025,"5.303,26",,"250,63",,
MWLG,LANE-28,FY2025-W44,05/12/2025,"9.885,40",,"96,91",,
MWLG,LANE-29,FY2025-W44,04/12/2025,"8.644,13",,"194,71",,"re-rated, see ticket SC-1182"
MWLG,LANE-30,FY2025-W44,05/12/2025,"5.910,26",,"47,58",,"residential surcharge, disputed"
MWLG,LANE-31,FY2025-W44,01/12/2025,"1.703,93",,"261,20",,"estimate, invoice not received"
MWLG,LANE-32,FY2025-W44,05/12/2025,"7.789,18",,"335,10",,
MWLG,LANE-33,FY2025-W44,02/12/2025,"10.336,78",,"264,51",,
MWLG,LANE-34,FY2025-W44,03/12/2025,"10.480,17",,"141,20",,
MWLG,LANE-35,FY2025-W44,05/12/2025,"5.674,26",,"289,07",,"residential surcharge, disputed"
MWLG,LANE-35,FY2025-W44,05/12/2025,"804,05",,"278,87",,
MWLG,LANE-36,FY2025-W44,06/12/2025,"6.870,20",,"210,21",,"lane closed for two days, volume moved"
MWLG,LANE-37,FY2025-W44,04/12/2025,"5.345,25",,"183,27",,"estimate, invoice not received"
MWLG,LANE-38,FY2025-W44,30/11/2025,"1.317,62",,"41,96",,
MWLG,LANE-39,FY2025-W44,30/11/2025,"1.925,89",,"110,66",,"estimate, invoice not received"
MWLG,LANE-39,FY2025-W44,06/12/2025,"9.355,08",,"120,63",,carrier credit applied
MWLG,LANE-40,FY2025-W44,03/12/2025,"1.679,74",,"27,84",,"lane closed for two days, volume moved"
MWLG,LANE-41,FY2025-W44,06/12/2025,"8.289,44",,"191,74",,
MWLG,LANE-42,FY2025-W44,04/12/2025,"6.214,09",,"290,13",,
MWLG,LANE-42,FY2025-W44,02/12/2025,"1.712,82",,"316,61",,"residential surcharge, disputed"
MWLG,LANE-43,FY2025-W44,03/12/2025,"2.625,89",,"257,21",,
MWLG,LANE-44,FY2025-W44,01/12/2025,"7.885,72",,"58,56",,"residential surcharge, disputed"
MWLG,LANE-25,FY2025-W45,09/12/2025,"10.417,44",,"111,97",,
MWLG,LANE-26,FY2025-W45,13/12/2025,"726,93",,"219,11",,
MWLG,LANE-27,FY2025-W45,08/12/2025,"1.465,75",,"146,59",,carrier credit applied
MWLG,LANE-27,FY2025-W45,09/12/2025,"4.133,26",,"160,08",,"lane closed for two days, volume moved"
MWLG,LANE-28,FY2025-W45,09/12/2025,"5.008,04",,"52,18",,
MWLG,LANE-28,FY2025-W45,08/12/2025,"9.397,28",,"272,64",,
MWLG,LANE-29,FY2025-W45,10/12/2025,"6.855,10",,"261,15",,
MWLG,LANE-29,FY2025-W45,12/12/2025,"6.364,23",,"295,85",,"estimate, invoice not received"
MWLG,LANE-30,FY2025-W45,07/12/2025,"5.500,74",,"252,57",,"re-rated, see ticket SC-1182"
MWLG,LANE-31,FY2025-W45,08/12/2025,"5.139,26",,"73,40",,
MWLG,LANE-32,FY2025-W45,09/12/2025,"3.924,53",,"5,54",,"estimate, invoice not received"
MWLG,LANE-33,FY2025-W45,08/12/2025,"411,46",,"245,29",,
MWLG,LANE-34,FY2025-W45,07/12/2025,"7.361,85",,"300,13",,
MWLG,LANE-34,FY2025-W45,10/12/2025,"5.059,71",,"241,81",,
MWLG,LANE-35,FY2025-W45,09/12/2025,"5.295,76",,"128,65",,"estimate, invoice not received"
MWLG,LANE-36,FY2025-W45,12/12/2025,"10.629,14",,"166,71",,
MWLG,LANE-37,FY2025-W45,09/12/2025,"9.619,89",,"190,56",,
MWLG,LANE-38,FY2025-W45,09/12/2025,"8.451,74",,"89,58",,
MWLG,LANE-39,FY2025-W45,12/12/2025,"4.658,24",,"326,51",,
MWLG,LANE-39,FY2025-W45,07/12/2025,"8.514,45",,"141,38",,"split shipment, one pallet held at origin"
MWLG,LANE-40,FY2025-W45,09/12/2025,"1.463,67",,"146,93",,
MWLG,LANE-41,FY2025-W45,13/12/2025,"9.590,68",,"109,13",,
MWLG,LANE-41,FY2025-W45,10/12/2025,"4.836,43",,"184,03",,"re-rated, see ticket SC-1182"
MWLG,LANE-41,FY2025-W45,12/12/2025,"4.631,16",,"242,49",,"re-rated, see ticket SC-1182"
MWLG,LANE-42,FY2025-W45,12/12/2025,"9.575,24",,"229,34",,
MWLG,LANE-42,FY2025-W45,07/12/2025,"8.605,54",,"187,51",,
MWLG,LANE-42,FY2025-W45,10/12/2025,"4.046,48",,"274,07",,
MWLG,LANE-43,FY2025-W45,10/12/2025,"360,26",,"286,80",,"re-rated, see ticket SC-1182"
MWLG,LANE-44,FY2025-W45,11/12/2025,"9.600,02",,"212,57",,
MWLG,LANE-25,FY2025-W46,20/12/2025,"4.759,75",,"71,64",,
MWLG,LANE-25,FY2025-W46,20/12/2025,"2.450,58",,"0,73",,
MWLG,LANE-25,FY2025-W46,15/12/2025,"7.881,52",,"140,24",,"lane closed for two days, volume moved"
MWLG,LANE-26,FY2025-W46,16/12/2025,"5.476,25",,"140,15",,
MWLG,LANE-27,FY2025-W46,18/12/2025,"8.424,99",,"158,72",,
MWLG,LANE-28,FY2025-W46,20/12/2025,"7.023,59",,"160,35",,
MWLG,LANE-28,FY2025-W46,15/12/2025,"615,76",,"222,93",,
MWLG,LANE-28,FY2025-W46,14/12/2025,"2.609,85",,"219,16",,
MWLG,LANE-29,FY2025-W46,17/12/2025,"825,80",,"115,90",,"re-rated, see ticket SC-1182"
MWLG,LANE-30,FY2025-W46,19/12/2025,"352,18",,"68,70",,"estimate, invoice not received"
MWLG,LANE-30,FY2025-W46,15/12/2025,"7.796,23",,"173,96",,
MWLG,LANE-30,FY2025-W46,17/12/2025,"9.052,90",,"191,19",,"residential surcharge, disputed"
MWLG,LANE-31,FY2025-W46,14/12/2025,"969,38",,"195,40",,
MWLG,LANE-32,FY2025-W46,15/12/2025,"7.458,53",,"315,52",,
MWLG,LANE-32,FY2025-W46,19/12/2025,"3.817,20",,"182,94",,
MWLG,LANE-33,FY2025-W46,19/12/2025,"1.152,53",,"214,03",,"residential surcharge, disputed"
MWLG,LANE-33,FY2025-W46,15/12/2025,"10.941,50",,"251,49",,"residential surcharge, disputed"
MWLG,LANE-34,FY2025-W46,18/12/2025,"307,59",,"250,83",,
MWLG,LANE-35,FY2025-W46,18/12/2025,"4.671,78",,"174,17",,
MWLG,LANE-36,FY2025-W46,14/12/2025,"9.326,90",,"230,88",,"split shipment, one pallet held at origin"
MWLG,LANE-36,FY2025-W46,14/12/2025,"9.021,56",,"143,62",,"lane closed for two days, volume moved"
MWLG,LANE-36,FY2025-W46,15/12/2025,"5.467,58",,"321,57",,
MWLG,LANE-36,FY2025-W46,15/12/2025,"9.688,41",,"187,33",,
MWLG,LANE-37,FY2025-W46,19/12/2025,"10.014,41",,"307,51",,"lane closed for two days, volume moved"
MWLG,LANE-37,FY2025-W46,18/12/2025,"3.142,98",,"6,58",,
MWLG,LANE-38,FY2025-W46,20/12/2025,"1.175,88",,"189,49",,
MWLG,LANE-38,FY2025-W46,19/12/2025,"6.243,46",,"326,50",,
MWLG,LANE-39,FY2025-W46,19/12/2025,"4.486,15",,"300,44",,
MWLG,LANE-40,FY2025-W46,17/12/2025,"10.853,57",,"206,21",,"lane closed for two days, volume moved"
MWLG,LANE-40,FY2025-W46,18/12/2025,"2.443,72",,"260,46",,
MWLG,LANE-41,FY2025-W46,20/12/2025,"2.638,32",,"159,56",,"re-rated, see ticket SC-1182"
MWLG,LANE-42,FY2025-W46,16/12/2025,"836,66",,"122,19",,"re-rated, see ticket SC-1182"
MWLG,LANE-43,FY2025-W46,19/12/2025,"838,16",,"263,97",,"split shipment, one pallet held at origin"
MWLG,LANE-44,FY2025-W46,15/12/2025,"1.451,27",,"145,38",,"lane closed for two days, volume moved"
MWLG,LANE-44,FY2025-W46,14/12/2025,"1.074,58",,"289,92",,"estimate, invoice not received"
MWLG,LANE-25,FY2025-W47,27/12/2025,"5.796,95",,"102,56",,
MWLG,LANE-26,FY2025-W47,26/12/2025,"10.041,45",,"80,84",,"residential surcharge, disputed"
MWLG,LANE-27,FY2025-W47,22/12/2025,"3.288,37",,"329,03",,"estimate, invoice not received"
MWLG,LANE-28,FY2025-W47,21/12/2025,"5.442,27",,"313,25",,
MWLG,LANE-29,FY2025-W47,27/12/2025,"10.494,13",,"275,20",,
MWLG,LANE-30,FY2025-W47,22/12/2025,"1.611,27",,"139,08",,
MWLG,LANE-31,FY2025-W47,27/12/2025,"765,49",,"257,91",,"split shipment, one pallet held at origin"
MWLG,LANE-32,FY2025-W47,21/12/2025,"9.225,08",,"262,49",,"split shipment, one pallet held at origin"
MWLG,LANE-32,FY2025-W47,22/12/2025,"1.073,31",,"332,56",,
MWLG,LANE-33,FY2025-W47,21/12/2025,"5.766,76",,"266,17",,carrier credit applied
MWLG,LANE-34,FY2025-W47,21/12/2025,"8.109,87",,"156,89",,
MWLG,LANE-35,FY2025-W47,25/12/2025,"10.361,93",,"195,03",,
MWLG,LANE-36,FY2025-W47,22/12/2025,"7.011,38",,"156,27",,
MWLG,LANE-37,FY2025-W47,23/12/2025,"3.996,26",,"218,37",,"re-rated, see ticket SC-1182"
MWLG,LANE-38,FY2025-W47,21/12/2025,"5.764,35",,"4,85",,carrier credit applied
MWLG,LANE-39,FY2025-W47,26/12/2025,"1.794,59",,"235,94",,
MWLG,LANE-39,FY2025-W47,23/12/2025,"6.907,00",,"223,96",,carrier credit applied
MWLG,LANE-39,FY2025-W47,25/12/2025,"8.806,47",,"206,95",,
MWLG,LANE-40,FY2025-W47,22/12/2025,"9.595,11",,"0,72",,
MWLG,LANE-41,FY2025-W47,22/12/2025,"9.629,97",,"281,49",,
MWLG,LANE-42,FY2025-W47,23/12/2025,"1.263,99",,"47,41",,"re-rated, see ticket SC-1182"
MWLG,LANE-43,FY2025-W47,22/12/2025,"11.090,26",,"135,85",,
MWLG,LANE-44,FY2025-W47,24/12/2025,"3.932,42",,"179,04",,
MWLG,LANE-25,FY2025-W48,29/12/2025,"10.024,70",,"199,16",,
MWLG,LANE-26,FY2025-W48,03/01/2026,"4.903,96",,"1,81",,
MWLG,LANE-26,FY2025-W48,29/12/2025,"5.773,40",,"285,00",,
MWLG,LANE-27,FY2025-W48,28/12/2025,"727,42",,"318,66",,carrier credit applied
MWLG,LANE-28,FY2025-W48,03/01/2026,"7.004,52",,"252,69",,"lane closed for two days, volume moved"
MWLG,LANE-29,FY2025-W48,28/12/2025,"9.662,39",,"114,22",,carrier credit applied
MWLG,LANE-30,FY2025-W48,02/01/2026,"5.827,10",,"301,35",,
MWLG,LANE-30,FY2025-W48,30/12/2025,"7.635,53",,"238,57",,"re-rated, see ticket SC-1182"
MWLG,LANE-31,FY2025-W48,02/01/2026,"3.603,31",,"130,02",,
MWLG,LANE-32,FY2025-W48,03/01/2026,"10.800,38",,"130,30",,carrier credit applied
MWLG,LANE-33,FY2025-W48,28/12/2025,"1.163,01",,"171,38",,
MWLG,LANE-34,FY2025-W48,29/12/2025,"6.353,40",,"40,17",,
MWLG,LANE-34,FY2025-W48,30/12/2025,"5.791,75",,"245,44",,
MWLG,LANE-35,FY2025-W48,02/01/2026,"7.592,20",,"127,64",,
MWLG,LANE-36,FY2025-W48,30/12/2025,"9.547,93",,"34,96",,"estimate, invoice not received"
MWLG,LANE-37,FY2025-W48,02/01/2026,"10.229,45",,"306,22",,"residential surcharge, disputed"
MWLG,LANE-38,FY2025-W48,01/01/2026,"2.276,99",,"219,83",,"split shipment, one pallet held at origin"
MWLG,LANE-39,FY2025-W48,30/12/2025,"2.352,21",,"308,42",,"lane closed for two days, volume moved"
MWLG,LANE-39,FY2025-W48,01/01/2026,"2.649,83",,"45,04",,"re-rated, see ticket SC-1182"
MWLG,LANE-40,FY2025-W48,03/01/2026,"9.432,28",,"112,98",,"residential surcharge, disputed"
MWLG,LANE-41,FY2025-W48,30/12/2025,"5.117,82",,"250,67",,
MWLG,LANE-41,FY2025-W48,02/01/2026,"8.736,43",,"74,67",,
MWLG,LANE-42,FY2025-W48,01/01/2026,"2.956,58",,"295,18",,
MWLG,LANE-43,FY2025-W48,31/12/2025,"1.965,57",,"250,44",,"estimate, invoice not received"
MWLG,LANE-44,FY2025-W48,02/01/2026,"9.799,81",,"290,18",,
MWLG,Subtotal,FY2025-P11,,"760.151,87",,"25.717,45",,
Carrier Code,Lane,Fiscal Week,Ship Date,freight_cost,Fuel Surcharge,Accessorials,Unnamed: 7,Notes
BRFR,LANE-03,FY2025-W49,10/01/2026,"11.137,88",,"140,84",,"lane closed for two days, volume moved"
BRFR ,LANE-04,FY2025-W49,08/01/2026,"10.618,56",,"104,28",,"residential surcharge, disputed"
BRFR,LANE-05,FY2025-W49,05/01/2026,"7.344,29",,"26,41",,
BRFR,LANE-06,FY2025-W49,08/01/2026,"9.002,37",,"123,74",,"lane closed for two days, volume moved"
BRFR,LANE-09,FY2025-W49,10/01/2026,"11.212,89",,"137,79",,
BRFR,LANE-10,FY2025-W49,08/01/2026,"6.169,70",,"48,14",,
BRFR,LANE-11,FY2025-W49,10/01/2026,"11.014,35",,"195,25",,"lane closed for two days, volume moved"
BRFR,LANE-13,FY2025-W49,09/01/2026,"8.623,45",,"315,59",,"re-rated, see ticket SC-1182"
BRFR,LANE-15,FY2025-W49,09/01/2026,"10.334,05",,"236,38",,
BRFR ,LANE-16,FY2025-W49,05/01/2026,"1.550,30",,"182,93",,"residential surcharge, disputed"
BRFR,LANE-18,FY2025-W49,10/01/2026,"8.608,97",,"220,18",,"lane closed for two days, volume moved"
BRFR,LANE-03,FY2025-W50,17/01/2026,"3.434,33",,"116,17",,
BRFR,LANE-04,FY2025-W50,12/01/2026,"4.138,29",,"238,55",,
BRFR,LANE-05,FY2025-W50,12/01/2026,"7.457,13",,"213,45",,"residential surcharge, disputed"
BRFR,LANE-07,FY2025-W50,14/01/2026,"1.424,73",,"157,96",,"residential surcharge, disputed"
BRFR,LANE-08,FY2025-W50,12/01/2026,"9.148,09",,"245,23",,
BRFR,LANE-11,FY2025-W50,12/01/2026,"330,59",,"110,74",,carrier credit applied
BRFR ,LANE-13,FY2025-W50,17/01/2026,"2.056,80",,"239,48",,"lane closed for two days, volume moved"
BRFR,LANE-16,FY2025-W50,13/01/2026,"8.870,32",,"4,33",,
BRFR,LANE-17,FY2025-W50,13/01/2026,"2.450,14",,"10,54",,
BRFR,LANE-20,FY2025-W50,12/01/2026,"10.703,52",,"13,81",,"re-rated, see ticket SC-1182"
BRFR,LANE-01,FY2025-W51,23/01/2026,"11.491,05",,"76,98",,
BRFR,LANE-02,FY2025-W51,23/01/2026,"8.722,04",,"264,37",,"re-rated, see ticket SC-1182"
BRFR,LANE-04,FY2025-W51,24/01/2026,"2.924,89",,"253,19",,
BRFR,LANE-05,FY2025-W51,19/01/2026,"1.460,07",,"150,93",,"residential surcharge, disputed"
BRFR ,LANE-11,FY2025-W51,20/01/2026,"5.912,90",,"53,29",,
BRFR,LANE-14,FY2025-W51,18/01/2026,"5.976,41",,"339,18",,
BRFR,LANE-18,FY2025-W51,22/01/2026,"9.526,42",,"299,84",,
BRFR,LANE-01,FY2025-W52,29/01/2026,"9.026,95",,"68,82",,
BRFR,LANE-02,FY2025-W52,25/01/2026,"10.664,03",,"271,81",,
BRFR,LANE-03,FY2025-W52,26/01/2026,"10.087,74",,"165,80",,"estimate, invoice not received"
BRFR,LANE-05,FY2025-W52,29/01/2026,"8.454,39",,"9,04",,
BRFR,LANE-07,FY2025-W52,25/01/2026,"8.465,86",,"236,92",,
BRFR ,LANE-10,FY2025-W52,26/01/2026,"7.039,54",,"144,49",,
BRFR,LANE-15,FY2025-W52,28/01/2026,"7.333,86",,"314,76",,
BRFR,LANE-17,FY2025-W52,25/01/2026,"6.556,39",,"40,92",,
BRFR,Subtotal,FY2025-P12,,"259.273,29",,"5.772,13",,
PLPC,LANE-15,FY2025-W49,06/01/2026,"7.627,85",,"183,85",,"split shipment, one pallet held at origin"
PLPC,LANE-20,FY2025-W49,07/01/2026,"9.583,15",,"100,69",,
PLPC,LANE-26,FY2025-W49,06/01/2026,"11.368,33",,"215,21",,"re-rated, see ticket SC-1182"
PLPC,LANE-29,FY2025-W49,09/01/2026,"3.228,57",,"189,20",,
PLPC,LANE-31,FY2025-W49,07/01/2026,"2.184,24",,"204,26",,
PLPC,LANE-38,FY2025-W49,10/01/2026,"9.751,75",,"314,10",,carrier credit applied
PLPC,LANE-16,FY2025-W50,15/01/2026,"6.408,91",,"155,64",,"estimate, invoice not received"
PLPC,LANE-20,FY2025-W50,14/01/2026,"9.838,02",,"125,03",,
PLPC,LANE-21,FY2025-W50,16/01/2026,"9.174,58",,"56,94",,"split shipment, one pallet held at origin"
PLPC,LANE-26,FY2025-W50,17/01/2026,"5.657,89",,"108,42",,
PLPC,LANE-27,FY2025-W50,17/01/2026,"5.002,55",,"218,08",,carrier credit applied
PLPC,LANE-31,FY2025-W50,16/01/2026,"10.381,47",,"249,77",,carrier credit applied
PLPC,LANE-33,FY2025-W50,17/01/2026,"1.872,12",,"112,63",,"re-rated, see ticket SC-1182"
PLPC,LANE-35,FY2025-W50,15/01/2026,"7.180,55",,"217,68",,
PLPC,LANE-16,FY2025-W51,23/01/2026,"262,73",,"1,76",,"residential surcharge, disputed"
PLPC,LANE-18,FY2025-W51,24/01/2026,"6.282,07",,"120,97",,"lane closed for two days, volume moved"
PLPC,LANE-19,FY2025-W51,21/01/2026,"1.871,89",,"72,48",,
PLPC,LANE-26,FY2025-W51,20/01/2026,"397,23",,"63,99",,
PLPC,LANE-27,FY2025-W51,22/01/2026,"6.009,81",,"112,37",,
PLPC,LANE-28,FY2025-W51,23/01/2026,"5.198,15",,"225,54",,
PLPC,LANE-29,FY2025-W51,23/01/2026,"8.058,33",,"0,45",,
PLPC,LANE-31,FY2025-W51,21/01/2026,"8.168,43",,"266,05",,
PLPC,LANE-35,FY2025-W51,24/01/2026,"7.872,80",,"149,28",,
PLPC,LANE-38,FY2025-W51,23/01/2026,"2.168,26",,"83,66",,
PLPC,LANE-16,FY2025-W52,30/01/2026,"6.372,69",,"207,44",,"residential surcharge, disputed"
PLPC,LANE-18,FY2025-W52,25/01/2026,"6.416,72",,"184,79",,"estimate, invoice not received"
PLPC,LANE-20,FY2025-W52,27/01/2026,"11.227,51",,"5,56",,
PLPC,LANE-23,FY2025-W52,31/01/2026,"8.461,76",,"6,04",,"lane closed for two days, volume moved"
PLPC,LANE-25,FY2025-W52,26/01/2026,"409,74",,"288,85",,"lane closed for two days, volume moved"
PLPC,LANE-26,FY2025-W52,28/01/2026,"645,28",,"34,90",,
PLPC,LANE-29,FY2025-W52,29/01/2026,"5.745,44",,"240,06",,
PLPC,LANE-31,FY2025-W52,30/01/2026,"10.649,60",,"232,61",,
PLPC,LANE-36,FY2025-W52,30/01/2026,"9.110,47",,"0,59",,"split shipment, one pallet held at origin"
PLPC,LANE-37,FY2025-W52,27/01/2026,"9.166,49",,"88,36",,
PLPC,LANE-38,FY2025-W52,27/01/2026,"3.935,96",,"186,67",,
PLPC,Subtotal,FY2025-P12,,"217.691,34",,"5.023,92",,
MWLG,LANE-25,FY2025-W49,10/01/2026,"8.735,29",,"338,20",,
MWLG,LANE-26,FY2025-W49,10/01/2026,"9.570,09",,"110,36",,"lane closed for two days, volume moved"
MWLG,LANE-27,FY2025-W49,06/01/2026,"8.688,60",,"191,49",,"split shipment, one pallet held at origin"
MWLG,LANE-31,FY2025-W49,09/01/2026,"8.110,69",,"11,68",,
MWLG,LANE-33,FY2025-W49,08/01/2026,"532,58",,"100,22",,
MWLG,LANE-36,FY2025-W49,07/01/2026,"8.438,91",,"98,61",,
MWLG,LANE-37,FY2025-W49,07/01/2026,"10.710,83",,"145,29",,"residential surcharge, disputed"
MWLG,LANE-40,FY2025-W49,09/01/2026,"4.162,04",,"262,96",,
MWLG,LANE-42,FY2025-W49,09/01/2026,"9.259,52",,"74,94",,
MWLG,LANE-44,FY2025-W49,08/01/2026,"6.596,86",,"275,58",,
MWLG,LANE-26,FY2025-W50,15/01/2026,"3.157,67",,"19,31",,
MWLG,LANE-27,FY2025-W50,17/01/2026,"5.093,12",,"55,16",,
MWLG,LANE-30,FY2025-W50,15/01/2026,"8.988,73",,"2,82",,
MWLG,LANE-31,FY2025-W50,12/01/2026,"5.702,02",,"114,29",,
MWLG,LANE-34,FY2025-W50,14/01/2026,"4.803,91",,"265,65",,
MWLG,LANE-35,FY2025-W50,17/01/2026,"9.240,83",,"218,10",,
MWLG,LANE-36,FY2025-W50,16/01/2026,"6.924,50",,"130,78",,"re-rated, see ticket SC-1182"
MWLG,LANE-37,FY2025-W50,15/01/2026,"8.251,32",,"120,79",,
MWLG,LANE-41,FY2025-W50,12/01/2026,"2.564,08",,"126,05",,"re-rated, see ticket SC-1182"
MWLG,LANE-28,FY2025-W51,20/01/2026,"4.315,91",,"106,82",,
MWLG,LANE-30,FY2025-W51,24/01/2026,"10.571,39",,"309,84",,carrier credit applied
MWLG,LANE-33,FY2025-W51,18/01/2026,"4.029,71",,"50,30",,
MWLG,LANE-34,FY2025-W51,19/01/2026,"10.998,96",,"244,90",,
MWLG,LANE-36,FY2025-W51,24/01/2026,"10.385,91",,"3,93",,"estimate, invoice not received"
MWLG,LANE-37,FY2025-W51,20/01/2026,"6.378,03",,"337,98",,
MWLG,LANE-41,FY2025-W51,22/01/2026,"5.455,35",,"299,60",,
MWLG,LANE-43,FY2025-W51,19/01/2026,"8.734,54",,"142,59",,
MWLG,LANE-44,FY2025-W51,24/01/2026,"4.855,62",,"32,98",,
MWLG,LANE-25,FY2025-W52,29/01/2026,"5.833,47",,"217,99",,"residential surcharge, disputed"
MWLG,LANE-27,FY2025-W52,28/01/2026,"7.236,65",,"304,71",,carrier credit applied
MWLG,LANE-29,FY2025-W52,31/01/2026,"2.307,58",,"134,38",,"re-rated, see ticket SC-1182"
MWLG,LANE-30,FY2025-W52,25/01/2026,"6.343,97",,"13,71",,"split shipment, one pallet held at origin"
MWLG,LANE-31,FY2025-W52,30/01/2026,"1.080,83",,"257,21",,
MWLG,LANE-36,FY2025-W52,26/01/2026,"8.544,51",,"144,43",,"re-rated, see ticket SC-1182"
MWLG,LANE-43,FY2025-W52,26/01/2026,"5.721,92",,"172,97",,
MWLG,Subtotal,FY2025-P12,,"232.325,94",,"5.436,62",,
BRFR,LANE-01,FY2026-W01,2026-02-04,7652.47,1058.01,323.57,,
BRFR,LANE-01,FY2026-W01,2026-02-03,8341.40,904.51,215.84,,
BRFR,LANE-02,FY2026-W01,2026-02-04,1352.73,175.21,185.39,,"re-rated, see ticket SC-1182"
BRFR,LANE-02,FY2026-W01,2026-02-03,1169.90,193.78,320.38,,
BRFR,LANE-03,FY2026-W01,2026-02-06,4120.78,715.92,79.13,,
BRFR ,LANE-04,FY2026-W01,2026-02-06,9507.83,1456.23,338.53,,
BRFR,LANE-05,FY2026-W01,2026-02-06,956.61,101.53,153.73,,"re-rated, see ticket SC-1182"
BRFR,LANE-06,FY2026-W01,2026-02-06,4748.62,575.33,191.34,,"re-rated, see ticket SC-1182"
BRFR,LANE-07,FY2026-W01,2026-02-01,4449.53,463.99,124.87,,"lane closed for two days, volume moved"
BRFR,LANE-07,FY2026-W01,2026-02-03,736.81,102.81,5.41,,
BRFR,LANE-08,FY2026-W01,2026-02-04,5031.31,741.58,324.94,,
BRFR,LANE-08,FY2026-W01,2026-02-01,4637.07,538.40,15.87,,
BRFR,LANE-09,FY2026-W01,2026-02-02,3340.09,346.58,301.27,,
BRFR ,LANE-09,FY2026-W01,2026-02-05,5992.59,945.08,128.42,,carrier credit applied
BRFR,LANE-10,FY2026-W01,2026-02-06,7719.49,1361.81,218.79,,"lane closed for two days, volume moved"
BRFR,LANE-11,FY2026-W01,2026-02-06,1254.27,196.19,26.93,,
BRFR,LANE-12,FY2026-W01,2026-02-06,2004.03,299.95,274.58,,"estimate, invoice not received"
BRFR,LANE-12,FY2026-W01,2026-02-01,3107.70,495.80,280.07,,
BRFR,LANE-13,FY2026-W01,2026-02-05,1664.70,293.65,199.24,,
BRFR,LANE-14,FY2026-W01,2026-02-04,3958.99,526.07,212.00,,
BRFR,LANE-14,FY2026-W01,2026-02-07,2607.19,332.69,13.60,,
BRFR ,LANE-15,FY2026-W01,2026-02-05,1197.39,189.69,268.85,,
BRFR,LANE-16,FY2026-W01,2026-02-06,6951.94,702.08,10.55,,
BRFR,LANE-17,FY2026-W01,2026-02-01,8486.44,966.22,287.44,,
BRFR,LANE-18,FY2026-W01,2026-02-01,7106.19,989.60,32.14,,
BRFR,LANE-19,FY2026-W01,2026-02-05,9519.13,1594.85,273.14,,
BRFR,LANE-20,FY2026-W01,2026-02-03,7865.96,1038.57,40.94,,carrier credit applied
BRFR,LANE-01,FY2026-W02,2026-02-13,6666.88,1001.74,309.86,,"lane closed for two days, volume moved"
BRFR,LANE-02,FY2026-W02,2026-02-10,6875.84,1199.11,150.44,,"split shipment, one pallet held at origin"
BRFR ,LANE-03,FY2026-W02,2026-02-12,5991.25,749.88,82.43,,
BRFR,LANE-04,FY2026-W02,2026-02-09,2126.34,251.07,213.12,,carrier credit applied
BRFR,LANE-05,FY2026-W02,2026-02-09,8579.45,1389.74,283.05,,
BRFR,LANE-06,FY2026-W02,2026-02-14,8387.72,869.74,157.75,,
BRFR,LANE-07,FY2026-W02,2026-02-10,5441.07,675.07,110.65,,
BRFR,LANE-08,FY2026-W02,2026-02-12,9425.31,1045.31,290.97,,
BRFR,LANE-09,FY2026-W02,2026-02-10,2470.33,425.28,150.89,,"estimate, invoice not received"
BRFR,LANE-10,FY2026-W02,2026-02-09,4923.01,758.84,45.66,,"estimate, invoice not received"
BRFR ,LANE-11,FY2026-W02,2026-02-14,5480.66,775.31,219.43,,
BRFR,LANE-12,FY2026-W02,2026-02-11,9481.50,1175.09,332.61,,
BRFR,LANE-13,FY2026-W02,2026-02-14,8096.83,1117.43,286.95,,
BRFR,LANE-14,FY2026-W02,2026-02-09,7540.73,833.76,327.75,,"re-rated, see ticket SC-1182"
BRFR,LANE-15,FY2026-W02,2026-02-09,1267.51,151.68,181.16,,"split shipment, one pallet held at origin"
BRFR,LANE-16,FY2026-W02,2026-02-12,3985.40,553.17,217.23,,
BRFR,LANE-16,FY2026-W02,2026-02-10,4457.14,513.14,38.74,,"lane closed for two days, volume moved"
BRFR,LANE-17,FY2026-W02,2026-02-08,8737.00,891.99,234.79,,carrier credit applied
BRFR ,LANE-18,FY2026-W02,2026-02-10,3454.13,425.55,85.00,,
BRFR,LANE-19,FY2026-W02,2026-02-11,8712.86,1201.28,173.65,,
BRFR,LANE-20,FY2026-W02,2026-02-09,6918.14,811.76,107.05,,
BRFR,LANE-01,FY2026-W03,2026-02-20,7544.48,1216.20,118.47,,"residential surcharge, disputed"
BRFR,LANE-02,FY2026-W03,2026-02-21,6199.59,807.81,324.11,,
BRFR,LANE-03,FY2026-W03,2026-02-16,5051.39,609.02,18.79,,"re-rated, see ticket SC-1182"
BRFR,LANE-04,FY2026-W03,2026-02-18,7079.42,1181.99,255.37,,
BRFR,LANE-04,FY2026-W03,2026-02-15,3751.67,426.03,321.22,,
BRFR ,LANE-05,FY2026-W03,2026-02-15,801.21,84.52,279.88,,
BRFR,LANE-06,FY2026-W03,2026-02-16,3093.56,408.75,134.29,,
BRFR,LANE-07,FY2026-W03,2026-02-20,7660.60,1096.14,185.60,,
BRFR,LANE-08,FY2026-W03,2026-02-21,2084.05,294.21,252.21,,"re-rated, see ticket SC-1182"
BRFR,LANE-09,FY2026-W03,2026-02-15,9549.16,1633.36,322.38,,
BRFR,LANE-10,FY2026-W03,2026-02-20,554.65,64.83,135.96,,"split shipment, one pallet held at origin"
BRFR,LANE-11,FY2026-W03,2026-02-20,1364.02,167.85,187.62,,
BRFR,LANE-12,FY2026-W03,2026-02-15,5464.68,726.45,53.91,,
BRFR ,LANE-13,FY2026-W03,2026-02-15,6796.76,993.61,34.12,,
BRFR,LANE-14,FY2026-W03,2026-02-20,9535.95,1334.39,185.82,,
BRFR,LANE-15,FY2026-W03,2026-02-21,557.90,97.24,32.73,,"residential surcharge, disputed"
BRFR,LANE-16,FY2026-W03,2026-02-20,8516.90,1196.40,290.30,,
BRFR,LANE-17,FY2026-W03,2026-02-19,4177.35,664.01,4.77,,
BRFR,LANE-18,FY2026-W03,2026-02-17,4430.13,535.14,80.22,,
BRFR,LANE-19,FY2026-W03,2026-02-15,1883.55,318.72,273.62,,carrier credit applied
BRFR,LANE-19,FY2026-W03,2026-02-17,3888.12,399.10,71.42,,
BRFR ,LANE-20,FY2026-W03,2026-02-21,5566.01,869.33,250.46,,
BRFR,LANE-01,FY2026-W04,2026-02-27,7070.30,823.84,303.20,,
BRFR,LANE-01,FY2026-W04,2026-02-23,3402.62,533.44,200.80,,"re-rated, see ticket SC-1182"
BRFR,LANE-02,FY2026-W04,2026-02-26,1275.32,155.18,76.80,,
BRFR,LANE-03,FY2026-W04,2026-02-23,4783.55,710.61,25.07,,
BRFR,LANE-04,FY2026-W04,2026-02-23,2586.38,445.10,314.49,,
BRFR,LANE-05,FY2026-W04,2026-02-22,8469.64,1452.60,155.20,,
BRFR,LANE-05,FY2026-W04,2026-02-26,3658.28,606.01,0.29,,
BRFR ,LANE-06,FY2026-W04,2026-02-26,4258.54,520.20,317.73,,carrier credit applied
BRFR,LANE-07,FY2026-W04,2026-02-24,3700.95,422.82,80.75,,"split shipment, one pallet held at origin"
BRFR,LANE-08,FY2026-W04,2026-02-28,4193.46,611.25,63.30,,"re-rated, see ticket SC-1182"
BRFR,LANE-09,FY2026-W04,2026-02-24,8043.75,962.39,98.09,,"re-rated, see ticket SC-1182"
BRFR,LANE-09,FY2026-W04,2026-02-24,4081.45,625.83,16.13,,"split shipment, one pallet held at origin"
BRFR,LANE-10,FY2026-W04,2026-02-26,4746.54,680.10,261.78,,
BRFR,LANE-11,FY2026-W04,2026-02-28,4908.63,569.94,235.45,,
BRFR,LANE-12,FY2026-W04,2026-02-23,5769.15,854.01,134.90,,
BRFR ,LANE-13,FY2026-W04,2026-02-27,8480.02,1225.13,19.44,,
BRFR,LANE-14,FY2026-W04,2026-02-26,3703.37,531.02,18.69,,
BRFR,LANE-14,FY2026-W04,2026-02-25,8076.05,958.47,25.08,,
BRFR,LANE-15,FY2026-W04,2026-02-23,6909.35,985.25,124.41,,
BRFR,LANE-16,FY2026-W04,2026-02-23,2730.81,448.89,151.54,,
BRFR,LANE-16,FY2026-W04,2026-02-23,563.34,86.56,2.36,,"split shipment, one pallet held at origin"
BRFR,LANE-16,FY2026-W04,2026-02-22,873.93,136.09,305.14,,"residential surcharge, disputed"
BRFR,LANE-17,FY2026-W04,2026-02-22,6926.20,995.02,169.17,,"lane closed for two days, volume moved"
BRFR ,LANE-17,FY2026-W04,2026-02-25,4490.07,451.94,159.90,,
BRFR,LANE-18,FY2026-W04,2026-02-27,7912.43,1161.55,9.52,,
BRFR,LANE-19,FY2026-W04,2026-02-23,2602.68,364.93,77.15,,
BRFR,LANE-20,FY2026-W04,2026-02-27,7331.63,900.59,212.60,,
BRFR,LANE-20,FY2026-W04,2026-02-22,3978.59,400.99,164.64,,
BRFR,LANE-20,FY2026-W04,2026-02-28,1469.11,213.38,195.53,,
BRFR,LANE-20,FY2026-W04,2026-02-27,4740.79,559.48,318.05,,"re-rated, see ticket SC-1182"
BRFR,Subtotal,FY2026-P01,,501788.34,68639.78,16896.61,,
PLPC,LANE-15,FY2026-W01,2026-02-07,253.44,37.94,188.60,,
PLPC,LANE-16,FY2026-W01,2026-02-03,5744.58,790.05,45.73,,
PLPC,LANE-17,FY2026-W01,2026-02-02,5804.52,644.64,138.29,,
PLPC,LANE-18,FY2026-W01,2026-02-03,753.38,86.55,182.87,,"residential surcharge, disputed"
PLPC,LANE-19,FY2026-W01,2026-02-01,4321.47,482.52,3.71,,"lane closed for two days, volume moved"
PLPC,LANE-24,FY2026-W01,2026-02-02,1570.98,205.73,177.49,,
PLPC,LANE-25,FY2026-W01,2026-02-04,799.73,133.01,53.21,,
PLPC,LANE-26,FY2026-W01,2026-02-04,4705.72,778.77,243.48,,"residential surcharge, disputed"
PLPC,LANE-27,FY2026-W01,2026-02-06,7446.34,1032.94,300.42,,
PLPC,LANE-28,FY2026-W01,2026-02-02,7416.02,855.73,96.91,,
PLPC,LANE-29,FY2026-W01,2026-02-04,5878.63,856.95,159.95,,
PLPC,LANE-31,FY2026-W01,2026-02-02,4860.46,823.86,2.10,,
PLPC,LANE-32,FY2026-W01,2026-02-02,4706.54,528.21,190.46,,"re-rated, see ticket SC-1182"
PLPC,LANE-33,FY2026-W01,2026-02-07,220.45,30.92,221.09,,
PLPC,LANE-35,FY2026-W01,2026-02-06,1408.18,150.70,142.50,,
PLPC,LANE-36,FY2026-W01,2026-02-01,1794.34,271.46,281.83,,
PLPC,LANE-37,FY2026-W01,2026-02-02,2214.69,366.44,244.29,,"residential surcharge, disputed"
PLPC,LANE-15,FY2026-W02,2026-02-14,4668.47,663.52,77.20,,"residential surcharge, disputed"
PLPC,LANE-16,FY2026-W02,2026-02-14,9151.69,1404.52,155.10,,
PLPC,LANE-17,FY2026-W02,2026-02-10,5342.00,899.66,289.64,,
PLPC,LANE-18,FY2026-W02,2026-02-08,254.67,26.23,251.49,,
PLPC,LANE-19,FY2026-W02,2026-02-11,7369.28,985.10,330.87,,carrier credit applied
PLPC,LANE-20,FY2026-W02,2026-02-08,2607.36,337.36,303.94,,"residential surcharge, disputed"
PLPC,LANE-21,FY2026-W02,2026-02-10,8929.64,1441.32,256.75,,"lane closed for two days, volume moved"
PLPC,LANE-22,FY2026-W02,2026-02-13,7422.20,1137.71,306.27,,
PLPC,LANE-23,FY2026-W02,2026-02-13,5896.02,669.47,198.31,,
PLPC,LANE-23,FY2026-W02,2026-02-12,7430.43,1240.67,59.27,,
PLPC,LANE-23,FY2026-W02,2026-02-09,1954.39,303.79,111.77,,
PLPC,LANE-24,FY2026-W02,2026-02-14,3380.96,363.32,21.13,,
PLPC,LANE-25,FY2026-W02,2026-02-12,6142.89,893.87,85.73,,
PLPC,LANE-26,FY2026-W02,2026-02-12,4626.71,604.97,100.51,,
PLPC,LANE-26,FY2026-W02,2026-02-10,3042.01,314.25,79.83,,
PLPC,LANE-26,FY2026-W02,2026-02-11,2328.06,404.24,311.00,,"split shipment, one pallet held at origin"
PLPC,LANE-27,FY2026-W02,2026-02-09,644.19,84.39,289.80,,"lane closed for two days, volume moved"
PLPC,LANE-28,FY2026-W02,2026-02-11,8612.57,1358.52,252.42,,
PLPC,LANE-29,FY2026-W02,2026-02-13,4457.31,461.92,61.05,,
PLPC,LANE-30,FY2026-W02,2026-02-10,3150.29,342.84,187.20,,
PLPC,LANE-30,FY2026-W02,2026-02-14,7548.44,1208.37,188.46,,
PLPC,LANE-31,FY2026-W02,2026-02-10,1672.84,220.02,210.96,,"re-rated, see ticket SC-1182"
PLPC,LANE-32,FY2026-W02,2026-02-12,6839.83,906.50,88.00,,
PLPC,LANE-33,FY2026-W02,2026-02-11,2531.29,360.23,269.34,,
PLPC,LANE-34,FY2026-W02,2026-02-09,6044.33,831.94,169.96,,"re-rated, see ticket SC-1182"
PLPC,LANE-35,FY2026-W02,2026-02-12,4451.29,745.67,58.00,,
PLPC,LANE-35,FY2026-W02,2026-02-14,4165.99,683.10,224.66,,
PLPC,LANE-36,FY2026-W02,2026-02-14,6385.99,784.39,319.06,,"lane closed for two days, volume moved"
PLPC,LANE-37,FY2026-W02,2026-02-11,4305.63,749.21,144.02,,"re-rated, see ticket SC-1182"
PLPC,LANE-37,FY2026-W02,2026-02-12,3611.80,589.22,129.16,,
PLPC,LANE-38,FY2026-W02,2026-02-10,4976.13,554.29,212.86,,"re-rated, see ticket SC-1182"
PLPC,LANE-15,FY2026-W03,2026-02-17,8736.40,884.56,295.32,,
PLPC,LANE-16,FY2026-W03,2026-02-20,5473.46,927.17,137.27,,"re-rated, see ticket SC-1182"
PLPC,LANE-17,FY2026-W03,2026-02-17,7856.25,1020.49,280.28,,
PLPC,LANE-18,FY2026-W03,2026-02-16,8829.35,1300.30,288.83,,"estimate, invoice not received"
PLPC,LANE-19,FY2026-W03,2026-02-20,9583.60,1340.29,330.21,,
PLPC,LANE-20,FY2026-W03,2026-02-17,1272.19,172.56,42.80,,"estimate, invoice not received"
PLPC,LANE-20,FY2026-W03,2026-02-20,1594.78,233.26,46.21,,
PLPC,LANE-21,FY2026-W03,2026-02-15,4019.26,607.20,245.40,,"re-rated, see ticket SC-1182"
PLPC,LANE-22,FY2026-W03,2026-02-20,3936.78,516.42,331.10,,
PLPC,LANE-23,FY2026-W03,2026-02-20,6566.57,884.10,261.08,,
PLPC,LANE-24,FY2026-W03,2026-02-19,1179.05,176.54,293.60,,
PLPC,LANE-25,FY2026-W03,2026-02-17,5360.71,764.25,123.20,,"split shipment, one pallet held at origin"
PLPC,LANE-25,FY2026-W03,2026-02-19,6182.17,883.79,37.64,,
PLPC,LANE-26,FY2026-W03,2026-02-19,4847.21,802.23,213.81,,
PLPC,LANE-27,FY2026-W03,2026-02-15,9256.15,1523.39,89.98,,
PLPC,LANE-28,FY2026-W03,2026-02-18,9250.62,1069.07,95.16,,"re-rated, see ticket SC-1182"
PLPC,LANE-29,FY2026-W03,2026-02-16,2302.00,235.54,149.73,,
PLPC,LANE-30,FY2026-W03,2026-02-17,5509.01,745.53,313.95,,
PLPC,LANE-31,FY2026-W03,2026-02-16,8592.13,1120.50,323.49,,
PLPC,LANE-32,FY2026-W03,2026-02-17,7218.78,725.65,14.59,,
PLPC,LANE-33,FY2026-W03,2026-02-16,6681.03,728.73,331.96,,
PLPC,LANE-33,FY2026-W03,2026-02-17,4996.41,826.70,21.37,,"lane closed for two days, volume moved"
PLPC,LANE-34,FY2026-W03,2026-02-16,3563.16,602.75,328.76,,
PLPC,LANE-34,FY2026-W03,2026-02-17,1992.65,297.68,306.17,,"estimate, invoice not received"
PLPC,LANE-35,FY2026-W03,2026-02-15,7548.59,1035.04,51.10,,
PLPC,LANE-36,FY2026-W03,2026-02-18,5156.38,909.68,87.10,,"split shipment, one pallet held at origin"
PLPC,LANE-37,FY2026-W03,2026-02-19,3892.82,639.90,131.21,,"lane closed for two days, volume moved"
PLPC,LANE-38,FY2026-W03,2026-02-21,1388.46,139.41,63.67,,
PLPC,LANE-15,FY2026-W04,2026-02-25,2875.85,329.25,110.02,,"estimate, invoice not received"
PLPC,LANE-16,FY2026-W04,2026-02-23,1604.60,254.05,175.42,,"re-rated, see ticket SC-1182"
PLPC,LANE-17,FY2026-W04,2026-02-23,7116.18,751.91,262.54,,"re-rated, see ticket SC-1182"
PLPC,LANE-18,FY2026-W04,2026-02-27,1744.98,245.70,13.90,,"re-rated, see ticket SC-1182"
PLPC,LANE-19,FY2026-W04,2026-02-22,1525.03,177.25,181.65,,
PLPC,LANE-20,FY2026-W04,2026-02-26,4808.55,526.09,282.13,,carrier credit applied
PLPC,LANE-21,FY2026-W04,2026-02-23,7811.76,1217.87,162.54,,"residential surcharge, disputed"
PLPC,LANE-22,FY2026-W04,2026-02-24,6458.36,823.77,246.33,,"residential surcharge, disputed"
PLPC,LANE-23,FY2026-W04,2026-02-28,5496.51,604.00,146.05,,
PLPC,LANE-24,FY2026-W04,2026-02-24,3157.82,517.72,44.35,,carrier credit applied
PLPC,LANE-25,FY2026-W04,2026-02-23,4577.40,457.79,24.86,,
PLPC,LANE-26,FY2026-W04,2026-02-27,5508.89,572.88,327.14,,
PLPC,LANE-27,FY2026-W04,2026-02-23,1822.14,306.22,181.04,,
PLPC,LANE-28,FY2026-W04,2026-02-22,7008.73,868.84,110.56,,
PLPC,LANE-29,FY2026-W04,2026-02-22,6088.46,723.67,150.35,,
PLPC,LANE-30,FY2026-W04,2026-02-26,8524.22,1332.12,143.09,,
PLPC,LANE-31,FY2026-W04,2026-02-23,3582.61,630.85,48.06,,"re-rated, see ticket SC-1182"
PLPC,LANE-32,FY2026-W04,2026-02-25,4969.94,766.21,330.96,,
PLPC,LANE-33,FY2026-W04,2026-02-26,7272.62,788.76,10.90,,
PLPC,LANE-34,FY2026-W04,2026-02-24,4640.40,655.19,26.31,,"split shipment, one pallet held at origin"
PLPC,LANE-35,FY2026-W04,2026-02-22,7621.70,1307.16,2.13,,"estimate, invoice not received"
PLPC,LANE-36,FY2026-W04,2026-02-25,9382.64,1248.00,190.37,,"lane closed for two days, volume moved"
PLPC,LANE-37,FY2026-W04,2026-02-27,3952.40,517.65,157.15,,"split shipment, one pallet held at origin"
PLPC,LANE-38,FY2026-W04,2026-02-27,8946.74,1423.65,276.15,,
PLPC,Subtotal,FY2026-P01,,489128.67,67806.36,17255.68,,
MWLG,LANE-25,FY2026-W01,2026-02-03,1007.66,149.17,202.80,,"lane closed for two days, volume moved"
MWLG,LANE-26,FY2026-W01,2026-02-02,8694.58,1223.02,249.97,,
MWLG,LANE-26,FY2026-W01,2026-02-07,3285.18,369.64,49.82,,
MWLG,LANE-27,FY2026-W01,2026-02-05,7341.18,1069.65,270.10,,"residential surcharge, disputed"
MWLG,LANE-28,FY2026-W01,2026-02-07,4497.51,746.63,107.93,,"re-rated, see ticket SC-1182"
MWLG,LANE-28,FY2026-W01,2026-02-06,5316.26,569.78,34.00,,
MWLG,LANE-29,FY2026-W01,2026-02-05,3504.15,430.99,145.78,,
MWLG,LANE-29,FY2026-W01,2026-02-06,2156.11,296.42,148.40,,
MWLG,LANE-29,FY2026-W01,2026-02-07,5341.17,940.65,145.17,,"estimate, invoice not received"
MWLG,LANE-30,FY2026-W01,2026-02-05,8966.69,1531.35,223.74,,
MWLG,LANE-31,FY2026-W01,2026-02-01,656.08,90.10,50.57,,"lane closed for two days, volume moved"
MWLG,LANE-31,FY2026-W01,2026-02-01,8454.53,1178.36,250.35,,"re-rated, see ticket SC-1182"
MWLG,LANE-32,FY2026-W01,2026-02-05,4775.83,532.61,232.98,,"lane closed for two days, volume moved"
MWLG,LANE-33,FY2026-W01,2026-02-07,7203.05,907.15,323.98,,
MWLG,LANE-34,FY2026-W01,2026-02-06,1424.75,230.91,229.45,,"re-rated, see ticket SC-1182"
MWLG,LANE-35,FY2026-W01,2026-02-07,371.18,64.79,320.05,,"split shipment, one pallet held at origin"
MWLG,LANE-36,FY2026-W01,2026-02-07,5689.20,962.36,322.92,,
MWLG,LANE-37,FY2026-W01,2026-02-03,4930.71,608.16,95.27,,"estimate, invoice not received"
MWLG,LANE-37,FY2026-W01,2026-02-05,2287.84,233.62,24.67,,
MWLG,LANE-37,FY2026-W01,2026-02-07,1354.57,199.06,78.97,,
MWLG,LANE-38,FY2026-W01,2026-02-03,285.62,33.65,287.76,,"residential surcharge, disputed"
MWLG,LANE-39,FY2026-W01,2026-02-06,3096.25,330.17,264.85,,
MWLG,LANE-40,FY2026-W01,2026-02-05,8053.16,824.60,160.64,,"split shipment, one pallet held at origin"
MWLG,LANE-40,FY2026-W01,2026-02-04,6421.37,951.75,260.16,,"residential surcharge, disputed"
MWLG,LANE-41,FY2026-W01,2026-02-02,4175.12,726.16,190.60,,
MWLG,LANE-41,FY2026-W01,2026-02-02,7281.78,1165.55,137.39,,"lane closed for two days, volume moved"
MWLG,LANE-42,FY2026-W01,2026-02-06,9189.23,1107.98,119.95,,
MWLG,LANE-43,FY2026-W01,2026-02-07,8922.03,1550.14,278.81,,"residential surcharge, disputed"
MWLG,LANE-44,FY2026-W01,2026-02-01,9023.16,962.87,95.10,,
MWLG,LANE-44,FY2026-W01,2026-02-01,6352.97,1020.44,294.91,,
MWLG,LANE-25,FY2026-W02,2026-02-13,5493.33,819.31,8.17,,
MWLG,LANE-26,FY2026-W02,2026-02-13,2585.41,269.88,137.55,,"estimate, invoice not received"
MWLG,LANE-26,FY2026-W02,2026-02-10,7141.35,798.81,168.10,,
MWLG,LANE-27,FY2026-W02,2026-02-13,8112.83,1248.33,323.49,,
MWLG,LANE-28,FY2026-W02,2026-02-12,3434.67,459.19,242.16,,
MWLG,LANE-29,FY2026-W02,2026-02-12,4090.56,517.47,226.40,,"estimate, invoice not received"
MWLG,LANE-30,FY2026-W02,2026-02-10,7178.28,846.66,274.25,,
MWLG,LANE-31,FY2026-W02,2026-02-13,1060.10,113.04,145.56,,
MWLG,LANE-32,FY2026-W02,2026-02-10,8105.47,1214.31,39.67,,
MWLG,LANE-33,FY2026-W02,2026-02-09,2258.59,253.69,214.76,,
MWLG,LANE-34,FY2026-W02,2026-02-13,5103.05,690.26,82.27,,
MWLG,LANE-35,FY2026-W02,2026-02-08,6808.63,839.78,141.35,,
MWLG,LANE-36,FY2026-W02,2026-02-14,8814.26,881.52,269.54,,
MWLG,LANE-37,FY2026-W02,2026-02-12,7183.36,962.37,87.70,,
MWLG,LANE-38,FY2026-W02,2026-02-08,1315.54,189.37,7.20,,"estimate, invoice not received"
MWLG,LANE-39,FY2026-W02,2026-02-12,8855.53,1368.05,271.10,,"split shipment, one pallet held at origin"
MWLG,LANE-40,FY2026-W02,2026-02-13,9309.41,1496.31,169.67,,
MWLG,LANE-41,FY2026-W02,2026-02-12,4008.12,581.61,247.46,,
MWLG,LANE-42,FY2026-W02,2026-02-11,7270.89,1119.19,214.84,,"residential surcharge, disputed"
MWLG,LANE-43,FY2026-W02,2026-02-11,8926.00,1560.33,339.91,,"estimate, invoice not received"
MWLG,LANE-44,FY2026-W02,2026-02-10,4526.26,744.98,41.67,,carrier credit applied
MWLG,LANE-25,FY2026-W03,2026-02-17,8153.57,1346.29,28.69,,
MWLG,LANE-26,FY2026-W03,2026-02-16,986.24,169.93,133.41,,"re-rated, see ticket SC-1182"
MWLG,LANE-27,FY2026-W03,2026-02-20,5109.15,853.06,141.98,,"split shipment, one pallet held at origin"
MWLG,LANE-27,FY2026-W03,2026-02-18,3289.26,433.74,161.83,,"lane closed for two days, volume moved"
MWLG,LANE-28,FY2026-W03,2026-02-18,6168.30,736.37,102.69,,"split shipment, one pallet held at origin"
MWLG,LANE-29,FY2026-W03,2026-02-16,4859.96,657.56,318.65,,
MWLG,LANE-30,FY2026-W03,2026-02-16,7085.57,900.04,298.24,,
MWLG,LANE-30,FY2026-W03,2026-02-19,542.57,62.92,248.26,,
MWLG,LANE-31,FY2026-W03,2026-02-17,6860.29,723.66,121.81,,
MWLG,LANE-32,FY2026-W03,2026-02-19,5799.58,588.72,127.54,,carrier credit applied
MWLG,LANE-33,FY2026-W03,2026-02-16,4968.75,569.50,148.27,,"lane closed for two days, volume moved"
MWLG,LANE-34,FY2026-W03,2026-02-21,224.55,25.10,49.58,,
MWLG,LANE-35,FY2026-W03,2026-02-16,962.11,166.46,7.41,,
MWLG,LANE-36,FY2026-W03,2026-02-18,404.68,65.89,27.30,,
MWLG,LANE-37,FY2026-W03,2026-02-19,3363.23,522.92,136.53,,"re-rated, see ticket SC-1182"
MWLG,LANE-38,FY2026-W03,2026-02-20,4579.96,587.18,243.00,,"re-rated, see ticket SC-1182"
MWLG,LANE-39,FY2026-W03,2026-02-20,6918.91,740.04,220.75,,"estimate, invoice not received"
MWLG,LANE-40,FY2026-W03,2026-02-21,7793.16,1013.01,288.00,,
MWLG,LANE-40,FY2026-W03,2026-02-18,2697.26,418.20,145.06,,"lane closed for two days, volume moved"
MWLG,LANE-41,FY2026-W03,2026-02-16,8293.20,1197.75,116.88,,
MWLG,LANE-42,FY2026-W03,2026-02-21,2031.16,210.44,56.29,,
MWLG,LANE-43,FY2026-W03,2026-02-15,1864.90,210.30,3.26,,
MWLG,LANE-44,FY2026-W03,2026-02-18,1540.34,195.78,168.81,,
MWLG,LANE-25,FY2026-W04,2026-02-24,3671.87,582.38,83.32,,
MWLG,LANE-25,FY2026-W04,2026-02-23,7271.01,911.52,158.32,,carrier credit applied
MWLG,LANE-26,FY2026-W04,2026-02-23,2279.50,372.19,182.34,,"lane closed for two days, volume moved"
MWLG,LANE-26,FY2026-W04,2026-02-25,6325.55,917.80,263.33,,
MWLG,LANE-27,FY2026-W04,2026-02-24,1647.72,284.86,256.93,,carrier credit applied
MWLG,LANE-28,FY2026-W04,2026-02-26,5336.99,852.56,146.13,,
MWLG,LANE-29,FY2026-W04,2026-02-25,7574.37,875.50,211.55,,"lane closed for two days, volume moved"
MWLG,LANE-30,FY2026-W04,2026-02-25,2050.38,350.49,63.39,,"re-rated, see ticket SC-1182"
MWLG,LANE-31,FY2026-W04,2026-02-23,8033.76,1352.02,167.01,,
MWLG,LANE-31,FY2026-W04,2026-02-22,948.07,132.97,191.02,,
MWLG,LANE-32,FY2026-W04,2026-02-24,3860.03,531.09,33.19,,"residential surcharge, disputed"
MWLG,LANE-33,FY2026-W04,2026-02-25,4113.10,571.71,238.98,,
MWLG,LANE-34,FY2026-W04,2026-02-22,8657.21,1317.50,180.76,,"estimate, invoice not received"
MWLG,LANE-35,FY2026-W04,2026-02-24,6923.90,1091.44,303.89,,
MWLG,LANE-36,FY2026-W04,2026-02-27,352.67,61.50,159.39,,carrier credit applied
MWLG,LANE-36,FY2026-W04,2026-02-27,938.92,148.18,140.85,,
MWLG,LANE-37,FY2026-W04,2026-02-28,1404.80,152.37,330.52,,"residential surcharge, disputed"
MWLG,LANE-38,FY2026-W04,2026-02-27,2974.47,347.20,127.42,,
MWLG,LANE-38,FY2026-W04,2026-02-23,3222.26,341.34,165.04,,
MWLG,LANE-39,FY2026-W04,2026-02-24,5179.89,518.55,80.63,,carrier credit applied
MWLG,LANE-39,FY2026-W04,2026-02-27,7286.64,882.86,315.06,,
MWLG,LANE-40,FY2026-W04,2026-02-26,5825.77,932.88,156.37,,
MWLG,LANE-41,FY2026-W04,2026-02-28,8146.73,1062.14,8.65,,
MWLG,LANE-42,FY2026-W04,2026-02-25,4588.07,537.48,312.97,,
MWLG,LANE-43,FY2026-W04,2026-02-26,5060.03,836.51,177.98,,
MWLG,LANE-44,FY2026-W04,2026-02-24,776.42,92.60,148.73,,"split shipment, one pallet held at origin"
MWLG,Subtotal,FY2026-P01,,480587.39,66434.69,17147.92,,
BRFR,LANE-01,FY2026-W05,2026-03-01,8348.80,1034.91,10.29,,
BRFR ,LANE-02,FY2026-W05,2026-03-06,3557.47,619.17,105.56,,"re-rated, see ticket SC-1182"
BRFR,LANE-02,FY2026-W05,2026-03-02,9323.80,960.27,328.08,,
BRFR,LANE-03,FY2026-W05,2026-03-04,1933.59,310.76,59.55,,
BRFR,LANE-04,FY2026-W05,2026-03-03,1409.22,239.06,14.78,,
BRFR,LANE-05,FY2026-W05,2026-03-03,9376.71,1520.65,169.87,,
BRFR,LANE-06,FY2026-W05,2026-03-06,3942.14,649.72,293.60,,
BRFR,LANE-07,FY2026-W05,2026-03-03,1294.45,192.46,336.32,,carrier credit applied
BRFR,LANE-08,FY2026-W05,2026-03-03,3086.63,416.47,78.52,,"estimate, invoice not received"
BRFR ,LANE-09,FY2026-W05,2026-03-05,9466.95,1478.46,293.19,,"lane closed for two days, volume moved"
BRFR,LANE-10,FY2026-W05,2026-03-07,9434.65,1590.07,171.38,,
BRFR,LANE-11,FY2026-W05,2026-03-04,3072.55,444.48,119.19,,
BRFR,LANE-12,FY2026-W05,2026-03-02,2448.08,309.56,39.63,,
BRFR,LANE-13,FY2026-W05,2026-03-07,3769.49,406.27,86.84,,
BRFR,LANE-14,FY2026-W05,2026-03-04,4793.73,690.89,250.33,,"estimate, invoice not received"
BRFR,LANE-15,FY2026-W05,2026-03-07,7311.56,890.94,261.85,,
BRFR,LANE-16,FY2026-W05,2026-03-03,9257.77,1216.18,88.80,,
BRFR ,LANE-17,FY2026-W05,2026-03-02,3996.45,516.66,285.67,,"lane closed for two days, volume moved"
BRFR,LANE-18,FY2026-W05,2026-03-02,9724.15,1476.19,336.40,,
BRFR,LANE-19,FY2026-W05,2026-03-04,4117.84,643.05,170.82,,"re-rated, see ticket SC-1182"
BRFR,LANE-20,FY2026-W05,2026-03-01,1524.71,159.28,44.81,,
BRFR,LANE-01,FY2026-W06,2026-03-08,3552.20,620.99,245.90,,carrier credit applied
BRFR,LANE-02,FY2026-W06,2026-03-14,3458.84,531.59,192.32,,"lane closed for two days, volume moved"
BRFR,LANE-03,FY2026-W06,2026-03-13,9760.57,1108.72,200.13,,"lane closed for two days, volume moved"
BRFR,LANE-04,FY2026-W06,2026-03-14,9685.13,1480.47,159.76,,"residential surcharge, disputed"
BRFR ,LANE-05,FY2026-W06,2026-03-14,4818.01,650.45,123.45,,
BRFR,LANE-06,FY2026-W06,2026-03-09,2558.40,277.90,240.41,,"residential surcharge, disputed"
BRFR,LANE-07,FY2026-W06,2026-03-14,9682.94,1331.52,51.09,,
BRFR,LANE-08,FY2026-W06,2026-03-11,3825.89,658.50,124.63,,"estimate, invoice not received"
BRFR,LANE-08,FY2026-W06,2026-03-14,8841.49,1144.72,210.09,,"estimate, invoice not received"
BRFR,LANE-09,FY2026-W06,2026-03-13,2826.89,497.03,186.69,,carrier credit applied
BRFR,LANE-10,FY2026-W06,2026-03-08,5358.55,860.76,117.07,,
BRFR,LANE-11,FY2026-W06,2026-03-08,2443.98,252.29,318.20,,carrier credit applied
BRFR ,LANE-12,FY2026-W06,2026-03-12,2637.95,380.50,210.99,,carrier credit applied
BRFR,LANE-13,FY2026-W06,2026-03-08,8979.44,970.83,135.58,,
BRFR,LANE-14,FY2026-W06,2026-03-14,1218.98,179.27,184.68,,"lane closed for two days, volume moved"
BRFR,LANE-15,FY2026-W06,2026-03-12,5585.78,606.23,244.24,,"estimate, invoice not received"
BRFR,LANE-16,FY2026-W06,2026-03-13,1872.20,212.75,61.45,,
BRFR,LANE-17,FY2026-W06,2026-03-12,667.98,89.48,293.26,,
BRFR,LANE-18,FY2026-W06,2026-03-13,6174.67,862.74,44.04,,"lane closed for two days, volume moved"
BRFR,LANE-19,FY2026-W06,2026-03-09,2852.41,340.24,210.80,,
BRFR ,LANE-19,FY2026-W06,2026-03-14,3128.37,511.11,193.14,,
BRFR,LANE-20,FY2026-W06,2026-03-08,587.11,60.76,331.32,,
BRFR,LANE-01,FY2026-W07,2026-03-18,4185.59,730.29,307.45,,
BRFR,LANE-01,FY2026-W07,2026-03-17,4493.17,524.23,163.47,,carrier credit applied
BRFR,LANE-02,FY2026-W07,2026-03-20,8257.59,873.61,124.88,,
BRFR,LANE-03,FY2026-W07,2026-03-18,8761.83,1295.08,130.32,,carrier credit applied
BRFR,LANE-03,FY2026-W07,2026-03-15,6112.52,1040.53,275.72,,
BRFR,LANE-04,FY2026-W07,2026-03-18,8454.32,1079.77,2.99,,
BRFR ,LANE-05,FY2026-W07,2026-03-19,3108.50,406.12,54.64,,
BRFR,LANE-05,FY2026-W07,2026-03-19,769.83,108.10,151.27,,carrier credit applied
BRFR,LANE-06,FY2026-W07,2026-03-17,9457.35,1295.68,168.33,,"lane closed for two days, volume moved"
BRFR,LANE-06,FY2026-W07,2026-03-19,5098.68,538.62,226.11,,
BRFR,LANE-07,FY2026-W07,2026-03-18,8761.72,1019.62,223.48,,
BRFR,LANE-07,FY2026-W07,2026-03-20,7251.59,1274.29,156.60,,
BRFR,LANE-08,FY2026-W07,2026-03-21,2770.97,419.38,318.21,,"lane closed for two days, volume moved"
BRFR,LANE-09,FY2026-W07,2026-03-16,8639.39,1043.27,158.41,,
BRFR ,LANE-10,FY2026-W07,2026-03-19,4484.81,640.21,337.88,,
BRFR,LANE-11,FY2026-W07,2026-03-17,1278.92,177.75,243.74,,
BRFR,LANE-12,FY2026-W07,2026-03-21,6089.44,1021.30,330.84,,"split shipment, one pallet held at origin"
BRFR,LANE-13,FY2026-W07,2026-03-17,5559.13,774.22,96.46,,
BRFR,LANE-13,FY2026-W07,2026-03-21,4736.49,771.71,183.74,,carrier credit applied
BRFR,LANE-14,FY2026-W07,2026-03-20,1440.12,184.12,56.05,,carrier credit applied
BRFR,LANE-15,FY2026-W07,2026-03-15,6295.27,830.89,253.21,,
BRFR,LANE-16,FY2026-W07,2026-03-17,5335.02,885.41,187.76,,"split shipment, one pallet held at origin"
BRFR ,LANE-16,FY2026-W07,2026-03-18,2389.92,269.38,133.45,,carrier credit applied
BRFR,LANE-16,FY2026-W07,2026-03-20,4693.96,820.85,243.36,,
BRFR,LANE-17,FY2026-W07,2026-03-17,4094.43,458.54,75.19,,"split shipment, one pallet held at origin"
BRFR,LANE-17,FY2026-W07,2026-03-16,6854.06,1112.22,56.32,,
BRFR,LANE-18,FY2026-W07,2026-03-17,5886.73,709.86,277.07,,"split shipment, one pallet held at origin"
BRFR,LANE-19,FY2026-W07,2026-03-15,5391.97,655.29,266.75,,
BRFR,LANE-20,FY2026-W07,2026-03-19,5688.84,734.61,212.48,,"split shipment, one pallet held at origin"
BRFR,LANE-01,FY2026-W08,2026-03-23,4033.94,426.84,176.31,,
BRFR ,LANE-02,FY2026-W08,2026-03-23,2569.11,353.75,3.90,,
BRFR,LANE-03,FY2026-W08,2026-03-25,7749.64,776.42,154.81,,
BRFR,LANE-04,FY2026-W08,2026-03-23,6262.23,971.45,193.72,,
BRFR,LANE-04,FY2026-W08,2026-03-25,2274.67,271.68,128.04,,
BRFR,LANE-05,FY2026-W08,2026-03-27,8858.75,1228.94,182.97,,"estimate, invoice not received"
BRFR,LANE-05,FY2026-W08,2026-03-26,4249.01,635.16,91.96,,
BRFR,LANE-06,FY2026-W08,2026-03-26,1624.94,284.76,20.08,,"split shipment, one pallet held at origin"
BRFR,LANE-06,FY2026-W08,2026-03-26,1348.08,183.62,130.46,,
BRFR ,LANE-07,FY2026-W08,2026-03-26,7943.57,1127.64,42.67,,
BRFR,LANE-08,FY2026-W08,2026-03-27,5467.28,659.15,187.34,,
BRFR,LANE-08,FY2026-W08,2026-03-24,6019.40,928.80,259.54,,
BRFR,LANE-09,FY2026-W08,2026-03-26,7797.60,912.62,106.99,,"residential surcharge, disputed"
BRFR,LANE-09,FY2026-W08,2026-03-23,8732.53,1358.18,276.04,,"estimate, invoice not received"
BRFR,LANE-10,FY2026-W08,2026-03-23,4637.78,687.21,265.45,,"split shipment, one pallet held at origin"
BRFR,LANE-11,FY2026-W08,2026-03-28,4564.77,509.72,302.09,,
BRFR,LANE-12,FY2026-W08,2026-03-23,5524.99,565.41,196.72,,
BRFR ,LANE-13,FY2026-W08,2026-03-28,2453.67,311.51,69.35,,"lane closed for two days, volume moved"
BRFR,LANE-13,FY2026-W08,2026-03-26,2109.07,298.44,326.53,,
BRFR,LANE-13,FY2026-W08,2026-03-22,3804.69,469.11,136.69,,
BRFR,LANE-14,FY2026-W08,2026-03-28,1387.15,230.68,324.64,,
BRFR,LANE-15,FY2026-W08,2026-03-23,8380.78,961.55,156.73,,
BRFR,LANE-16,FY2026-W08,2026-03-25,8322.74,1285.82,203.13,,
BRFR,LANE-17,FY2026-W08,2026-03-23,6140.92,850.31,216.36,,
BRFR,LANE-18,FY2026-W08,2026-03-23,2752.90,437.82,49.71,,
BRFR ,LANE-19,FY2026-W08,2026-03-28,2409.48,318.26,153.70,,
BRFR,LANE-20,FY2026-W08,2026-03-28,1415.81,159.38,237.28,,"estimate, invoice not received"
BRFR,LANE-01,FY2026-W09,2026-03-31,4728.22,663.16,10.41,,
BRFR,LANE-02,FY2026-W09,2026-03-29,5288.86,602.19,223.49,,
BRFR,LANE-03,FY2026-W09,2026-04-02,8545.28,1435.78,100.66,,"estimate, invoice not received"
BRFR,LANE-04,FY2026-W09,2026-04-02,3769.67,392.46,284.53,,
BRFR,LANE-05,FY2026-W09,2026-04-04,5946.04,785.01,237.65,,
BRFR,LANE-06,FY2026-W09,2026-04-01,5577.56,824.39,228.26,,"residential surcharge, disputed"
BRFR ,LANE-07,FY2026-W09,2026-03-30,4434.99,488.39,225.37,,
BRFR,LANE-08,FY2026-W09,2026-03-31,4914.90,649.48,229.52,,
BRFR,LANE-09,FY2026-W09,2026-03-30,8380.07,1448.67,109.85,,
BRFR,LANE-10,FY2026-W09,2026-04-04,7461.10,993.97,78.33,,
BRFR,LANE-10,FY2026-W09,2026-03-30,4601.76,760.06,240.04,,"split shipment, one pallet held at origin"
BRFR,LANE-11,FY2026-W09,2026-04-01,2436.65,376.17,279.00,,"estimate, invoice not received"
BRFR,LANE-12,FY2026-W09,2026-04-03,9767.20,1727.67,213.13,,
BRFR,LANE-13,FY2026-W09,2026-03-30,4093.04,459.24,224.75,,
BRFR,LANE-14,FY2026-W09,2026-03-31,463.80,61.89,209.98,,"estimate, invoice not received"
BRFR,LANE-15,FY2026-W09,2026-04-03,8394.42,1432.51,336.08,,
BRFR,LANE-15,FY2026-W09,2026-04-03,6173.67,633.48,32.70,,carrier credit applied
BRFR,LANE-15,FY2026-W09,2026-04-04,9072.22,1016.14,163.64,,"residential surcharge, disputed"
BRFR,LANE-16,FY2026-W09,2026-03-30,1999.77,281.68,334.95,,carrier credit applied
BRFR,LANE-16,FY2026-W09,2026-04-04,3474.48,463.76,202.13,,"estimate, invoice not received"
BRFR,LANE-17,FY2026-W09,2026-04-03,7874.44,797.91,36.40,,"lane closed for two days, volume moved"
BRFR,LANE-18,FY2026-W09,2026-04-04,1637.23,254.91,335.72,,
BRFR,LANE-19,FY2026-W09,2026-03-31,5800.03,830.19,180.00,,carrier credit applied
BRFR,LANE-20,FY2026-W09,2026-03-30,580.67,88.16,38.77,,"split shipment, one pallet held at origin"
BRFR,Subtotal,FY2026-P02,,622302.25,85760.80,22189.47,,
PLPC,LANE-15,FY2026-W05,2026-03-04,7110.04,797.97,334.29,,"residential surcharge, disputed"
PLPC,LANE-16,FY2026-W05,2026-03-03,679.97,79.38,158.75,,
PLPC,LANE-17,FY2026-W05,2026-03-04,8518.73,1238.91,74.84,,
PLPC,LANE-18,FY2026-W05,2026-03-03,976.95,106.86,320.35,,
PLPC,LANE-19,FY2026-W05,2026-03-03,6764.38,787.54,249.24,,"split shipment, one pallet held at origin"
PLPC,LANE-20,FY2026-W05,2026-03-03,3214.13,555.10,297.54,,
PLPC,LANE-21,FY2026-W05,2026-03-02,1052.06,165.50,219.69,,"lane closed for two days, volume moved"
PLPC,LANE-22,FY2026-W05,2026-03-01,7482.72,976.14,331.63,,
PLPC,LANE-23,FY2026-W05,2026-03-01,472.97,57.63,215.17,,
PLPC,LANE-24,FY2026-W05,2026-03-04,2733.87,424.88,33.20,,
PLPC,LANE-25,FY2026-W05,2026-03-04,3499.14,539.86,62.29,,"re-rated, see ticket SC-1182"
PLPC,LANE-26,FY2026-W05,2026-03-03,8766.33,982.93,334.28,,
PLPC,LANE-26,FY2026-W05,2026-03-03,5602.12,892.13,236.01,,
PLPC,LANE-27,FY2026-W05,2026-03-04,5578.63,787.83,281.24,,carrier credit applied
PLPC,LANE-28,FY2026-W05,2026-03-02,8236.49,862.46,315.99,,
PLPC,LANE-29,FY2026-W05,2026-03-07,767.83,120.28,151.30,,
PLPC,LANE-30,FY2026-W05,2026-03-05,8035.42,1105.20,265.94,,
PLPC,LANE-31,FY2026-W05,2026-03-01,8303.26,1433.86,202.03,,"residential surcharge, disputed"
PLPC,LANE-32,FY2026-W05,2026-03-02,6286.28,685.38,323.69,,
PLPC,LANE-33,FY2026-W05,2026-03-07,8304.33,898.20,166.58,,"split shipment, one pallet held at origin"
PLPC,LANE-34,FY2026-W05,2026-03-05,3459.46,554.07,63.46,,
PLPC,LANE-35,FY2026-W05,2026-03-01,8221.24,1323.24,129.53,,
PLPC,LANE-36,FY2026-W05,2026-03-07,6231.09,834.07,64.36,,
PLPC,LANE-37,FY2026-W05,2026-03-01,1516.42,152.77,115.90,,
PLPC,LANE-38,FY2026-W05,2026-03-06,9791.41,1605.85,181.49,,"split shipment, one pallet held at origin"
PLPC,LANE-15,FY2026-W06,2026-03-09,7473.35,810.03,130.77,,
PLPC,LANE-16,FY2026-W06,2026-03-12,7911.34,1089.99,255.61,,"residential surcharge, disputed"
PLPC,LANE-16,FY2026-W06,2026-03-12,8696.62,1244.90,212.19,,
PLPC,LANE-17,FY2026-W06,2026-03-08,7509.67,1106.88,184.95,,"re-rated, see ticket SC-1182"
PLPC,LANE-18,FY2026-W06,2026-03-09,2429.73,423.60,303.49,,
PLPC,LANE-19,FY2026-W06,2026-03-13,324.42,48.61,329.36,,"re-rated, see ticket SC-1182"
PLPC,LANE-20,FY2026-W06,2026-03-13,8496.12,978.79,249.35,,
PLPC,LANE-21,FY2026-W06,2026-03-10,1625.90,274.90,2.16,,
PLPC,LANE-22,FY2026-W06,2026-03-13,3578.23,588.21,218.37,,"weight query with the carrier
awaiting their reply before the accrual closes"
PLPC,LANE-23,FY2026-W06,2026-03-09,6771.46,953.83,12.10,,
PLPC,LANE-24,FY2026-W06,2026-03-13,2792.70,439.95,74.53,,
PLPC,LANE-25,FY2026-W06,2026-03-14,7764.17,1263.26,231.13,,
PLPC,LANE-26,FY2026-W06,2026-03-10,6281.59,996.93,237.89,,
PLPC,LANE-26,FY2026-W06,2026-03-09,8541.01,1167.93,277.83,,
PLPC,LANE-27,FY2026-W06,2026-03-14,4026.05,411.13,277.73,,
PLPC,LANE-28,FY2026-W06,2026-03-09,9275.74,1039.72,69.20,,
PLPC,LANE-29,FY2026-W06,2026-03-09,5874.73,781.28,170.69,,"lane closed for two days, volume moved"
PLPC,LANE-30,FY2026-W06,2026-03-12,4545.43,744.25,40.11,,
PLPC,LANE-31,FY2026-W06,2026-03-08,6723.80,821.88,255.94,,
PLPC,LANE-32,FY2026-W06,2026-03-14,6258.77,1094.61,311.66,,
PLPC,LANE-33,FY2026-W06,2026-03-13,1064.94,185.80,93.22,,
PLPC,LANE-34,FY2026-W06,2026-03-08,8969.63,1413.42,103.28,,
PLPC,LANE-35,FY2026-W06,2026-03-10,2946.23,487.60,27.15,,"estimate, invoice not received"
PLPC,LANE-36,FY2026-W06,2026-03-10,2579.36,404.77,271.94,,"residential surcharge, disputed"
PLPC,LANE-37,FY2026-W06,2026-03-09,1714.73,301.91,13.43,,
PLPC,LANE-38,FY2026-W06,2026-03-12,2889.88,327.18,40.40,,"estimate, invoice not received"
PLPC,LANE-15,FY2026-W07,2026-03-17,5012.21,513.63,87.89,,
PLPC,LANE-16,FY2026-W07,2026-03-16,6216.28,863.10,263.73,,"re-rated, see ticket SC-1182"
PLPC,LANE-16,FY2026-W07,2026-03-21,1076.12,164.80,104.84,,
PLPC,LANE-17,FY2026-W07,2026-03-18,6099.79,704.95,96.69,,
PLPC,LANE-17,FY2026-W07,2026-03-21,8438.04,847.77,288.19,,
PLPC,LANE-18,FY2026-W07,2026-03-19,1569.24,217.31,299.55,,"split shipment, one pallet held at origin"
PLPC,LANE-19,FY2026-W07,2026-03-15,8573.67,1491.86,192.72,,carrier credit applied
PLPC,LANE-20,FY2026-W07,2026-03-18,5750.94,735.04,48.32,,
PLPC,LANE-21,FY2026-W07,2026-03-19,3503.77,471.78,271.42,,
PLPC,LANE-22,FY2026-W07,2026-03-17,7710.04,931.77,57.20,,
PLPC,LANE-23,FY2026-W07,2026-03-16,8773.99,1285.25,246.22,,"split shipment, one pallet held at origin"
PLPC,LANE-23,FY2026-W07,2026-03-21,8409.02,854.82,0.30,,"re-rated, see ticket SC-1182"
PLPC,LANE-24,FY2026-W07,2026-03-16,2282.08,293.51,164.70,,"re-rated, see ticket SC-1182"
PLPC,LANE-24,FY2026-W07,2026-03-17,7239.81,1134.73,317.99,,
PLPC,LANE-25,FY2026-W07,2026-03-15,6390.89,642.68,266.31,,
PLPC,LANE-26,FY2026-W07,2026-03-19,2290.47,235.58,214.12,,"estimate, invoice not received"
PLPC,LANE-27,FY2026-W07,2026-03-18,4525.45,669.03,330.70,,
PLPC,LANE-28,FY2026-W07,2026-03-16,6237.94,976.33,308.24,,"split shipment, one pallet held at origin"
PLPC,LANE-28,FY2026-W07,2026-03-21,5832.36,616.93,136.67,,"estimate, invoice not received"
PLPC,LANE-29,FY2026-W07,2026-03-18,2660.49,310.23,51.49,,"lane closed for two days, volume moved"
PLPC,LANE-30,FY2026-W07,2026-03-15,915.17,149.42,65.64,,"estimate, invoice not received"
PLPC,LANE-30,FY2026-W07,2026-03-15,3303.93,413.13,196.65,,
PLPC,LANE-31,FY2026-W07,2026-03-16,2547.28,277.46,170.17,,
PLPC,LANE-32,FY2026-W07,2026-03-16,3281.12,393.27,277.59,,carrier credit applied
PLPC,LANE-33,FY2026-W07,2026-03-20,9097.93,1224.70,10.57,,
PLPC,LANE-34,FY2026-W07,2026-03-16,559.19,82.34,231.24,,
PLPC,LANE-35,FY2026-W07,2026-03-16,4767.66,588.55,95.19,,
PLPC,LANE-36,FY2026-W07,2026-03-16,8934.15,1293.62,298.65,,
PLPC,LANE-37,FY2026-W07,2026-03-16,1209.82,184.64,226.58,,"re-rated, see ticket SC-1182"
PLPC,LANE-37,FY2026-W07,2026-03-19,8289.88,969.29,61.57,,
PLPC,LANE-38,FY2026-W07,2026-03-18,2095.89,289.30,309.69,,"split shipment, one pallet held at origin"
PLPC,LANE-15,FY2026-W08,2026-03-27,9655.46,1361.54,61.87,,
PLPC,LANE-16,FY2026-W08,2026-03-23,4038.29,438.25,333.66,,carrier credit applied
PLPC,LANE-17,FY2026-W08,2026-03-24,7391.27,874.44,339.26,,
PLPC,LANE-18,FY2026-W08,2026-03-24,7458.01,1258.37,63.29,,
PLPC,LANE-19,FY2026-W08,2026-03-24,5461.94,714.08,28.50,,"re-rated, see ticket SC-1182"
PLPC,LANE-21,FY2026-W08,2026-03-24,1989.41,287.29,92.31,,"residential surcharge, disputed"
PLPC,LANE-24,FY2026-W08,2026-03-28,841.72,130.68,332.54,,
PLPC,LANE-25,FY2026-W08,2026-03-27,4465.29,641.38,94.86,,
PLPC,LANE-26,FY2026-W08,2026-03-25,8779.46,878.67,298.42,,
PLPC,LANE-27,FY2026-W08,2026-03-27,7413.74,1272.54,12.77,,
PLPC,LANE-28,FY2026-W08,2026-03-27,9413.92,941.81,315.01,,
PLPC,LANE-30,FY2026-W08,2026-03-28,5177.00,871.49,82.10,,"re-rated, see ticket SC-1182"
PLPC,LANE-31,FY2026-W08,2026-03-26,9732.69,1138.12,22.71,,"re-rated, see ticket SC-1182"
PLPC,LANE-32,FY2026-W08,2026-03-27,894.84,104.17,168.72,,
PLPC,LANE-33,FY2026-W08,2026-03-22,3171.79,350.04,2.96,,"lane closed for two days, volume moved"
PLPC,LANE-34,FY2026-W08,2026-03-28,3307.12,480.34,251.31,,
PLPC,LANE-35,FY2026-W08,2026-03-26,1932.20,235.10,226.95,,
PLPC,LANE-36,FY2026-W08,2026-03-24,2884.55,490.21,148.64,,"estimate, invoice not received"
PLPC,LANE-15,FY2026-W09,2026-04-02,598.83,81.29,89.00,,"re-rated, see ticket SC-1182"
PLPC,LANE-16,FY2026-W09,2026-04-04,5633.54,635.72,90.81,,
PLPC,LANE-17,FY2026-W09,2026-04-02,492.70,64.53,5.57,,"split shipment, one pallet held at origin"
PLPC,LANE-18,FY2026-W09,2026-04-01,1291.63,130.71,287.17,,"split shipment, one pallet held at origin"
PLPC,LANE-19,FY2026-W09,2026-03-29,3479.31,532.00,10.52,,"estimate, invoice not received"
PLPC,LANE-20,FY2026-W09,2026-04-03,5540.08,699.63,296.23,,
PLPC,LANE-21,FY2026-W09,2026-03-29,7573.09,1231.84,47.33,,"lane closed for two days, volume moved"
PLPC,LANE-22,FY2026-W09,2026-04-02,4154.37,633.39,276.04,,
PLPC,LANE-24,FY2026-W09,2026-03-29,1514.56,168.35,221.32,,
PLPC,LANE-25,FY2026-W09,2026-04-03,1843.91,319.18,7.56,,
PLPC,LANE-26,FY2026-W09,2026-04-02,8103.35,977.77,113.78,,
PLPC,LANE-27,FY2026-W09,2026-03-29,2406.02,327.48,17.02,,
PLPC,LANE-28,FY2026-W09,2026-04-03,2412.95,265.64,47.27,,carrier credit applied
PLPC,LANE-29,FY2026-W09,2026-04-02,8575.30,1329.47,2.78,,
PLPC,LANE-30,FY2026-W09,2026-04-03,7784.93,1156.83,25.03,,
PLPC,LANE-31,FY2026-W09,2026-03-31,6008.57,863.29,332.78,,
PLPC,LANE-32,FY2026-W09,2026-04-03,7145.56,947.85,89.32,,"estimate, invoice not received"
PLPC,LANE-33,FY2026-W09,2026-04-02,7313.74,850.88,144.53,,
PLPC,LANE-34,FY2026-W09,2026-04-04,490.00,83.76,154.56,,"split shipment, one pallet held at origin"
PLPC,LANE-35,FY2026-W09,2026-03-29,2488.50,421.32,229.11,,
PLPC,LANE-36,FY2026-W09,2026-04-02,6549.21,663.11,16.00,,
PLPC,LANE-37,FY2026-W09,2026-04-01,8878.40,1112.24,7.45,,
PLPC,LANE-38,FY2026-W09,2026-04-03,1758.55,204.65,162.96,,"split shipment, one pallet held at origin"
PLPC,Subtotal,FY2026-P02,,618311.29,83365.67,20764.12,,
MWLG,LANE-25,FY2026-W05,2026-03-05,4143.26,540.52,302.50,,
MWLG,LANE-26,FY2026-W05,2026-03-01,3848.37,660.82,290.48,,carrier credit applied
MWLG,LANE-26,FY2026-W05,2026-03-07,8170.11,1099.84,29.94,,
MWLG,LANE-27,FY2026-W05,2026-03-05,1690.59,229.76,317.83,,carrier credit applied
MWLG,LANE-27,FY2026-W05,2026-03-04,2839.73,411.80,239.99,,
MWLG,LANE-28,FY2026-W05,2026-03-05,360.27,40.70,107.78,,
MWLG,LANE-29,FY2026-W05,2026-03-01,1271.11,207.50,119.58,,"residential surcharge, disputed"
MWLG,LANE-30,FY2026-W05,2026-03-01,7411.60,763.84,332.34,,"lane closed for two days, volume moved"
MWLG,LANE-30,FY2026-W05,2026-03-04,4126.47,521.10,58.51,,
MWLG,LANE-31,FY2026-W05,2026-03-06,8366.68,1460.23,103.14,,carrier credit applied
MWLG,LANE-31,FY2026-W05,2026-03-01,5330.35,659.35,47.87,,"residential surcharge, disputed"
MWLG,LANE-32,FY2026-W05,2026-03-01,3749.01,447.81,65.81,,
MWLG,LANE-33,FY2026-W05,2026-03-07,478.42,75.21,187.52,,"lane closed for two days, volume moved"
MWLG,LANE-33,FY2026-W05,2026-03-05,9376.11,1330.52,322.54,,"split shipment, one pallet held at origin"
MWLG,LANE-34,FY2026-W05,2026-03-01,8158.13,1160.93,181.80,,
MWLG,LANE-35,FY2026-W05,2026-03-02,8984.39,1475.47,123.21,,
MWLG,LANE-36,FY2026-W05,2026-03-07,7775.52,1240.88,203.21,,
MWLG,LANE-37,FY2026-W05,2026-03-06,7776.98,1024.40,40.33,,
MWLG,LANE-38,FY2026-W05,2026-03-07,1068.97,161.65,246.40,,
MWLG,LANE-38,FY2026-W05,2026-03-06,3054.76,481.60,323.25,,
MWLG,LANE-38,FY2026-W05,2026-03-05,5731.38,833.98,199.03,,
MWLG,LANE-39,FY2026-W05,2026-03-04,7591.88,1232.90,80.98,,
MWLG,LANE-40,FY2026-W05,2026-03-03,5533.94,726.79,170.53,,
MWLG,LANE-41,FY2026-W05,2026-03-05,3348.72,369.77,216.99,,
MWLG,LANE-42,FY2026-W05,2026-03-01,5612.96,923.75,211.12,,
MWLG,LANE-43,FY2026-W05,2026-03-01,2430.59,421.86,17.68,,"residential surcharge, disputed"
MWLG,LANE-44,FY2026-W05,2026-03-04,6873.00,1072.60,284.09,,
MWLG,LANE-44,FY2026-W05,2026-03-06,1489.85,175.22,1.66,,
MWLG,LANE-25,FY2026-W06,2026-03-12,864.09,149.51,300.67,,
MWLG,LANE-26,FY2026-W06,2026-03-11,5872.37,1010.27,277.23,,carrier credit applied
MWLG,LANE-28,FY2026-W06,2026-03-11,2376.67,240.96,109.35,,"lane closed for two days, volume moved"
MWLG,LANE-29,FY2026-W06,2026-03-11,8174.73,1397.10,85.54,,"split shipment, one pallet held at origin"
MWLG,LANE-30,FY2026-W06,2026-03-10,6098.17,964.83,23.12,,
MWLG,LANE-31,FY2026-W06,2026-03-11,5842.23,974.31,265.91,,"lane closed for two days, volume moved"
MWLG,LANE-32,FY2026-W06,2026-03-10,3673.94,475.43,16.56,,
MWLG,LANE-33,FY2026-W06,2026-03-08,8826.91,1554.25,102.25,,"lane closed for two days, volume moved"
MWLG,LANE-34,FY2026-W06,2026-03-09,4514.18,752.99,160.57,,
MWLG,LANE-35,FY2026-W06,2026-03-11,4453.29,721.12,2.60,,
MWLG,LANE-36,FY2026-W06,2026-03-14,5523.62,925.41,104.42,,
MWLG,LANE-37,FY2026-W06,2026-03-10,9238.35,987.49,311.55,,
MWLG,LANE-38,FY2026-W06,2026-03-10,3097.24,411.59,177.44,,carrier credit applied
MWLG,LANE-39,FY2026-W06,2026-03-12,5362.81,555.29,264.71,,
MWLG,LANE-40,FY2026-W06,2026-03-09,4258.13,613.30,291.06,,"lane closed for two days, volume moved"
MWLG,LANE-42,FY2026-W06,2026-03-08,4449.31,637.29,115.38,,"lane closed for two days, volume moved"
MWLG,LANE-43,FY2026-W06,2026-03-14,7922.42,1355.72,334.98,,
MWLG,LANE-44,FY2026-W06,2026-03-08,6415.10,732.92,153.42,,
MWLG,LANE-25,FY2026-W07,2026-03-18,8633.18,1402.84,151.59,,"re-rated, see ticket SC-1182"
MWLG,LANE-26,FY2026-W07,2026-03-16,4491.32,531.38,106.26,,
MWLG,LANE-27,FY2026-W07,2026-03-19,9694.59,1478.99,78.18,,carrier credit applied
MWLG,LANE-28,FY2026-W07,2026-03-17,6421.11,909.74,185.50,,"estimate, invoice not received"
MWLG,LANE-29,FY2026-W07,2026-03-21,976.61,169.69,314.71,,
MWLG,LANE-30,FY2026-W07,2026-03-16,7028.90,991.84,218.72,,"re-rated, see ticket SC-1182"
MWLG,LANE-30,FY2026-W07,2026-03-16,4943.41,705.21,79.84,,"lane closed for two days, volume moved"
MWLG,LANE-31,FY2026-W07,2026-03-18,8270.69,1112.84,291.24,,
MWLG,LANE-32,FY2026-W07,2026-03-19,3808.38,406.19,303.30,,"lane closed for two days, volume moved"
MWLG,LANE-33,FY2026-W07,2026-03-21,8428.93,1049.57,197.86,,
MWLG,LANE-33,FY2026-W07,2026-03-19,6769.09,980.75,312.03,,"split shipment, one pallet held at origin"
MWLG,LANE-34,FY2026-W07,2026-03-15,5761.69,605.53,143.54,,
MWLG,LANE-35,FY2026-W07,2026-03-18,4633.95,577.28,61.92,,"estimate, invoice not received"
MWLG,LANE-36,FY2026-W07,2026-03-16,2336.35,253.36,26.16,,
MWLG,LANE-37,FY2026-W07,2026-03-18,4697.49,724.35,14.28,,"estimate, invoice not received"
MWLG,LANE-38,FY2026-W07,2026-03-18,8759.90,1233.71,213.42,,carrier credit applied
MWLG,LANE-39,FY2026-W07,2026-03-20,3030.88,450.74,268.02,,
MWLG,LANE-39,FY2026-W07,2026-03-20,3392.77,428.24,269.12,,"residential surcharge, disputed"
MWLG,LANE-40,FY2026-W07,2026-03-15,9753.94,1106.64,318.10,,
MWLG,LANE-41,FY2026-W07,2026-03-20,9474.82,1215.30,1.78,,"split shipment, one pallet held at origin"
MWLG,LANE-41,FY2026-W07,2026-03-18,2930.86,378.82,33.24,,
MWLG,LANE-42,FY2026-W07,2026-03-19,2258.24,337.48,128.82,,"estimate, invoice not received"
MWLG,LANE-43,FY2026-W07,2026-03-19,4568.57,527.90,334.06,,
MWLG,LANE-44,FY2026-W07,2026-03-21,7529.04,758.19,120.73,,
MWLG,LANE-25,FY2026-W08,2026-03-22,3505.25,512.57,224.68,,"estimate, invoice not received"
MWLG,LANE-25,FY2026-W08,2026-03-24,9291.66,1392.85,181.97,,"lane closed for two days, volume moved"
MWLG,LANE-26,FY2026-W08,2026-03-24,3511.60,546.01,246.79,,
MWLG,LANE-26,FY2026-W08,2026-03-28,2992.21,388.64,312.78,,
MWLG,LANE-27,FY2026-W08,2026-03-27,3624.19,525.60,232.79,,
MWLG,LANE-27,FY2026-W08,2026-03-23,6399.86,736.66,34.04,,"split shipment, one pallet held at origin"
MWLG,LANE-28,FY2026-W08,2026-03-22,6681.37,1089.97,326.94,,"re-rated, see ticket SC-1182"
MWLG,LANE-29,FY2026-W08,2026-03-22,8183.74,822.61,225.10,,
MWLG,LANE-30,FY2026-W08,2026-03-25,6226.93,677.67,123.93,,"lane closed for two days, volume moved"
MWLG,LANE-31,FY2026-W08,2026-03-26,8275.82,997.84,72.99,,"split shipment, one pallet held at origin"
MWLG,LANE-32,FY2026-W08,2026-03-24,4491.06,478.45,104.63,,
MWLG,LANE-33,FY2026-W08,2026-03-25,1621.34,250.54,235.64,,
MWLG,LANE-34,FY2026-W08,2026-03-22,9745.64,1039.84,285.08,,"estimate, invoice not received"
MWLG,LANE-35,FY2026-W08,2026-03-24,2872.42,302.57,29.43,,
MWLG,LANE-36,FY2026-W08,2026-03-25,574.72,77.53,182.50,,
MWLG,LANE-36,FY2026-W08,2026-03-25,8840.83,1465.03,148.83,,
MWLG,LANE-37,FY2026-W08,2026-03-22,5822.95,878.88,109.89,,
MWLG,LANE-38,FY2026-W08,2026-03-24,3101.50,336.32,100.93,,
MWLG,LANE-38,FY2026-W08,2026-03-26,248.20,34.22,159.73,,"lane closed for two days, volume moved"
MWLG,LANE-39,FY2026-W08,2026-03-28,2831.08,407.49,6.43,,
MWLG,LANE-39,FY2026-W08,2026-03-23,3800.10,595.00,41.09,,"re-rated, see ticket SC-1182"
MWLG,LANE-40,FY2026-W08,2026-03-26,5339.96,558.57,104.50,,
MWLG,LANE-41,FY2026-W08,2026-03-22,2818.62,445.79,126.28,,
MWLG,LANE-42,FY2026-W08,2026-03-23,632.46,75.64,46.39,,
MWLG,LANE-42,FY2026-W08,2026-03-28,3528.23,600.80,212.10,,
MWLG,LANE-43,FY2026-W08,2026-03-26,9571.33,1433.00,331.89,,carrier credit applied
MWLG,LANE-44,FY2026-W08,2026-03-23,5449.93,765.05,63.82,,"split shipment, one pallet held at origin"
MWLG,LANE-25,FY2026-W09,2026-04-02,9284.77,1563.27,18.72,,"residential surcharge, disputed"
MWLG,LANE-26,FY2026-W09,2026-04-03,3801.57,559.33,99.65,,"lane closed for two days, volume moved"
MWLG,LANE-27,FY2026-W09,2026-03-31,7800.16,1199.90,39.34,,carrier credit applied
MWLG,LANE-27,FY2026-W09,2026-03-29,4972.09,836.96,334.45,,"re-rated, see ticket SC-1182"
MWLG,LANE-28,FY2026-W09,2026-04-03,5051.63,687.53,203.73,,
MWLG,LANE-28,FY2026-W09,2026-04-02,8157.85,837.78,287.49,,"lane closed for two days, volume moved"
MWLG,LANE-29,FY2026-W09,2026-04-03,7673.14,1293.17,68.05,,
MWLG,LANE-30,FY2026-W09,2026-04-04,213.45,37.41,8.82,,
MWLG,LANE-31,FY2026-W09,2026-04-03,8624.46,1090.93,223.70,,
MWLG,LANE-32,FY2026-W09,2026-04-04,2992.60,349.64,178.70,,
MWLG,LANE-32,FY2026-W09,2026-04-04,2886.13,384.85,234.63,,"estimate, invoice not received"
MWLG,LANE-33,FY2026-W09,2026-04-01,4943.77,724.70,145.55,,
MWLG,LANE-34,FY2026-W09,2026-04-03,1497.57,249.73,271.68,,carrier credit applied
MWLG,LANE-35,FY2026-W09,2026-03-29,2361.23,269.39,277.46,,"re-rated, see ticket SC-1182"
MWLG,LANE-36,FY2026-W09,2026-03-29,7476.34,1253.28,303.17,,"re-rated, see ticket SC-1182"
MWLG,LANE-37,FY2026-W09,2026-03-29,4270.28,686.33,313.24,,"lane closed for two days, volume moved"
MWLG,LANE-38,FY2026-W09,2026-04-02,8829.51,1466.64,35.46,,
MWLG,LANE-39,FY2026-W09,2026-04-03,1880.23,321.59,75.22,,
MWLG,LANE-40,FY2026-W09,2026-03-31,9753.81,1316.99,8.47,,"estimate, invoice not received"
MWLG,LANE-41,FY2026-W09,2026-04-01,3727.45,429.83,330.96,,
MWLG,LANE-41,FY2026-W09,2026-04-03,1405.55,237.50,70.01,,"residential surcharge, disputed"
MWLG,LANE-41,FY2026-W09,2026-04-01,5988.14,871.08,293.00,,
MWLG,LANE-42,FY2026-W09,2026-04-02,9605.66,1334.66,283.16,,carrier credit applied
MWLG,LANE-43,FY2026-W09,2026-03-31,7525.05,1280.58,74.35,,"split shipment, one pallet held at origin"
MWLG,LANE-44,FY2026-W09,2026-04-03,6364.65,883.08,227.43,,"estimate, invoice not received"
MWLG,LANE-44,FY2026-W09,2026-04-01,4599.14,476.69,176.05,,carrier credit applied
MWLG,Subtotal,FY2026-P02,,643820.65,90625.14,20948.95,,
Total,,,,6337263.61,462632.44,204140.80,,
